run_accession	study_accession	secondary_study_accession	sample_accession	secondary_sample_accession	experiment_accession	submission_accession	tax_id	scientific_name	instrument_platform	instrument_model	library_name	nominal_length	library_layout	library_strategy	library_source	library_selection	read_count	base_count	center_name	first_public	last_updated	experiment_title	study_title	study_alias	experiment_alias	run_alias	fastq_bytes	fastq_md5	fastq_ftp	fastq_aspera	fastq_galaxy	submitted_bytes	submitted_md5	submitted_ftp	submitted_aspera	submitted_galaxy	submitted_format	sample_alias	broker_name	sample_title	nominal_sdev	first_created	bam_ftp	bam_bytes	bam_md5	fastq_file_role	submitted_file_role	bam_file_role
SRR9671447	PRJNA554111	SRP214293	SAMN12256086	SRS5086790	SRX6431995	SRA919997	408170	human gut metagenome	ILLUMINA	Illumina MiSeq	L-59		PAIRED	OTHER	METAGENOMIC	other	36902	22215004	SUB5937627	2019-07-12	2019-07-12	Illumina MiSeq sequencing: fece59	The raw reads of gut Microbiota in Patients with Alzheimer's Disease and normal people	PRJNA554111	L-59	raw.split.CON16.1.fq	3329482;4638609	f6691299d97553fa9c76a498cc9dfb76;a310184295439a4c822104162498a07b	ftp.sra.ebi.ac.uk/vol1/fastq/SRR967/007/SRR9671447/SRR9671447_1.fastq.gz;ftp.sra.ebi.ac.uk/vol1/fastq/SRR967/007/SRR9671447/SRR9671447_2.fastq.gz	fasp.sra.ebi.ac.uk:/vol1/fastq/SRR967/007/SRR9671447/SRR9671447_1.fastq.gz;fasp.sra.ebi.ac.uk:/vol1/fastq/SRR967/007/SRR9671447/SRR9671447_2.fastq.gz	ftp.sra.ebi.ac.uk/vol1/fastq/SRR967/007/SRR9671447/SRR9671447_1.fastq.gz;ftp.sra.ebi.ac.uk/vol1/fastq/SRR967/007/SRR9671447/SRR9671447_2.fastq.gz							CON16		Metagenome or environmental sample from human gut metagenome		2019-07-12				GENERATED_FILE;GENERATED_FILE		
SRR9671446	PRJNA554111	SRP214293	SAMN12256087	SRS5086791	SRX6431996	SRA919997	408170	human gut metagenome	ILLUMINA	Illumina MiSeq	L-60		PAIRED	OTHER	METAGENOMIC	other	42847	25793894	SUB5937627	2019-07-12	2019-07-12	Illumina MiSeq sequencing: fece60	The raw reads of gut Microbiota in Patients with Alzheimer's Disease and normal people	PRJNA554111	L-60	raw.split.CON17.1.fq	3594210;5110826	35206843d7485dde3498dd13b3c7c6b9;23137b62b547daadf10ba0b8c51debdd	ftp.sra.ebi.ac.uk/vol1/fastq/SRR967/006/SRR9671446/SRR9671446_1.fastq.gz;ftp.sra.ebi.ac.uk/vol1/fastq/SRR967/006/SRR9671446/SRR9671446_2.fastq.gz	fasp.sra.ebi.ac.uk:/vol1/fastq/SRR967/006/SRR9671446/SRR9671446_1.fastq.gz;fasp.sra.ebi.ac.uk:/vol1/fastq/SRR967/006/SRR9671446/SRR9671446_2.fastq.gz	ftp.sra.ebi.ac.uk/vol1/fastq/SRR967/006/SRR9671446/SRR9671446_1.fastq.gz;ftp.sra.ebi.ac.uk/vol1/fastq/SRR967/006/SRR9671446/SRR9671446_2.fastq.gz							CON17		Metagenome or environmental sample from human gut metagenome		2019-07-12				GENERATED_FILE;GENERATED_FILE		
SRR9671451	PRJNA554111	SRP214293	SAMN12256082	SRS5086786	SRX6431991	SRA919997	408170	human gut metagenome	ILLUMINA	Illumina MiSeq	L-55		PAIRED	OTHER	METAGENOMIC	other	38340	23080680	SUB5937627	2019-07-12	2019-07-12	Illumina MiSeq sequencing: fece55	The raw reads of gut Microbiota in Patients with Alzheimer's Disease and normal people	PRJNA554111	L-55	raw.split.CON12.1.fq	3424170;5085872	f948dc6cfb1f1e4ba9766ff6609b2e69;371bd495264f8387157f32bcbd5d488b	ftp.sra.ebi.ac.uk/vol1/fastq/SRR967/001/SRR9671451/SRR9671451_1.fastq.gz;ftp.sra.ebi.ac.uk/vol1/fastq/SRR967/001/SRR9671451/SRR9671451_2.fastq.gz	fasp.sra.ebi.ac.uk:/vol1/fastq/SRR967/001/SRR9671451/SRR9671451_1.fastq.gz;fasp.sra.ebi.ac.uk:/vol1/fastq/SRR967/001/SRR9671451/SRR9671451_2.fastq.gz	ftp.sra.ebi.ac.uk/vol1/fastq/SRR967/001/SRR9671451/SRR9671451_1.fastq.gz;ftp.sra.ebi.ac.uk/vol1/fastq/SRR967/001/SRR9671451/SRR9671451_2.fastq.gz							CON12		Metagenome or environmental sample from human gut metagenome		2019-07-12				GENERATED_FILE;GENERATED_FILE		
SRR9671448	PRJNA554111	SRP214293	SAMN12256085	SRS5086789	SRX6431994	SRA919997	408170	human gut metagenome	ILLUMINA	Illumina MiSeq	L-58		PAIRED	OTHER	METAGENOMIC	other	36933	22233666	SUB5937627	2019-07-12	2019-07-12	Illumina MiSeq sequencing: fece58	The raw reads of gut Microbiota in Patients with Alzheimer's Disease and normal people	PRJNA554111	L-58	raw.split.CON15.1.fq	3387977;4684285	c4437d0cdc16990735130bfcafcab50d;ba9c4b65caece5acb7b424deffca4707	ftp.sra.ebi.ac.uk/vol1/fastq/SRR967/008/SRR9671448/SRR9671448_1.fastq.gz;ftp.sra.ebi.ac.uk/vol1/fastq/SRR967/008/SRR9671448/SRR9671448_2.fastq.gz	fasp.sra.ebi.ac.uk:/vol1/fastq/SRR967/008/SRR9671448/SRR9671448_1.fastq.gz;fasp.sra.ebi.ac.uk:/vol1/fastq/SRR967/008/SRR9671448/SRR9671448_2.fastq.gz	ftp.sra.ebi.ac.uk/vol1/fastq/SRR967/008/SRR9671448/SRR9671448_1.fastq.gz;ftp.sra.ebi.ac.uk/vol1/fastq/SRR967/008/SRR9671448/SRR9671448_2.fastq.gz							CON15		Metagenome or environmental sample from human gut metagenome		2019-07-12				GENERATED_FILE;GENERATED_FILE		
SRR9671460	PRJNA554111	SRP214293	SAMN12256070	SRS5086777	SRX6431982	SRA919997	408170	human gut metagenome	ILLUMINA	Illumina MiSeq	L-43		PAIRED	OTHER	METAGENOMIC	other	42600	25645200	SUB5937627	2019-07-12	2019-07-12	Illumina MiSeq sequencing: fece43	The raw reads of gut Microbiota in Patients with Alzheimer's Disease and normal people	PRJNA554111	L-43	raw.split.AD43.1.fq	4070937;5518446	b06947ccfc80e29bf738fb2b842a373d;515ca70860d410b063b3d0d5edb76f26	ftp.sra.ebi.ac.uk/vol1/fastq/SRR967/000/SRR9671460/SRR9671460_1.fastq.gz;ftp.sra.ebi.ac.uk/vol1/fastq/SRR967/000/SRR9671460/SRR9671460_2.fastq.gz	fasp.sra.ebi.ac.uk:/vol1/fastq/SRR967/000/SRR9671460/SRR9671460_1.fastq.gz;fasp.sra.ebi.ac.uk:/vol1/fastq/SRR967/000/SRR9671460/SRR9671460_2.fastq.gz	ftp.sra.ebi.ac.uk/vol1/fastq/SRR967/000/SRR9671460/SRR9671460_1.fastq.gz;ftp.sra.ebi.ac.uk/vol1/fastq/SRR967/000/SRR9671460/SRR9671460_2.fastq.gz							AD43		Metagenome or environmental sample from human gut metagenome		2019-07-12				GENERATED_FILE;GENERATED_FILE		
SRR9671452	PRJNA554111	SRP214293	SAMN12256081	SRS5086785	SRX6431990	SRA919997	408170	human gut metagenome	ILLUMINA	Illumina MiSeq	L-54		PAIRED	OTHER	METAGENOMIC	other	38509	23182418	SUB5937627	2019-07-12	2019-07-12	Illumina MiSeq sequencing: fece54	The raw reads of gut Microbiota in Patients with Alzheimer's Disease and normal people	PRJNA554111	L-54	raw.split.CON11.1.fq	3161288;4832980	da2a4701cfecfb3343ab5c088d7b7912;e948b4909de7e2e602c2dc0083654f31	ftp.sra.ebi.ac.uk/vol1/fastq/SRR967/002/SRR9671452/SRR9671452_1.fastq.gz;ftp.sra.ebi.ac.uk/vol1/fastq/SRR967/002/SRR9671452/SRR9671452_2.fastq.gz	fasp.sra.ebi.ac.uk:/vol1/fastq/SRR967/002/SRR9671452/SRR9671452_1.fastq.gz;fasp.sra.ebi.ac.uk:/vol1/fastq/SRR967/002/SRR9671452/SRR9671452_2.fastq.gz	ftp.sra.ebi.ac.uk/vol1/fastq/SRR967/002/SRR9671452/SRR9671452_1.fastq.gz;ftp.sra.ebi.ac.uk/vol1/fastq/SRR967/002/SRR9671452/SRR9671452_2.fastq.gz							CON11		Metagenome or environmental sample from human gut metagenome		2019-07-12				GENERATED_FILE;GENERATED_FILE		
SRR9671449	PRJNA554111	SRP214293	SAMN12256084	SRS5086788	SRX6431993	SRA919997	408170	human gut metagenome	ILLUMINA	Illumina MiSeq	L-57		PAIRED	OTHER	METAGENOMIC	other	43241	26031082	SUB5937627	2019-07-12	2019-07-12	Illumina MiSeq sequencing: fece57	The raw reads of gut Microbiota in Patients with Alzheimer's Disease and normal people	PRJNA554111	L-57	raw.split.CON14.1.fq	3836067;5791431	a994c9d52df7c7e296e3f7a2abfeff49;a791b5a06aae7bd6d68a133e8fc5b809	ftp.sra.ebi.ac.uk/vol1/fastq/SRR967/009/SRR9671449/SRR9671449_1.fastq.gz;ftp.sra.ebi.ac.uk/vol1/fastq/SRR967/009/SRR9671449/SRR9671449_2.fastq.gz	fasp.sra.ebi.ac.uk:/vol1/fastq/SRR967/009/SRR9671449/SRR9671449_1.fastq.gz;fasp.sra.ebi.ac.uk:/vol1/fastq/SRR967/009/SRR9671449/SRR9671449_2.fastq.gz	ftp.sra.ebi.ac.uk/vol1/fastq/SRR967/009/SRR9671449/SRR9671449_1.fastq.gz;ftp.sra.ebi.ac.uk/vol1/fastq/SRR967/009/SRR9671449/SRR9671449_2.fastq.gz							CON14		Metagenome or environmental sample from human gut metagenome		2019-07-12				GENERATED_FILE;GENERATED_FILE		
SRR9671468	PRJNA554111	SRP214293	SAMN12256105	SRS5086769	SRX6431974	SRA919997	408170	human gut metagenome	ILLUMINA	Illumina MiSeq	L-78		PAIRED	OTHER	METAGENOMIC	other	36075	21717150	SUB5937627	2019-07-12	2019-07-12	Illumina MiSeq sequencing: fece78	The raw reads of gut Microbiota in Patients with Alzheimer's Disease and normal people	PRJNA554111	L-78	raw.split.CON35.1.fq	3279505;4662666	755dff1bca13665889180b3661785b4c;b72d0808865a313f3bc1feb75a6b290b	ftp.sra.ebi.ac.uk/vol1/fastq/SRR967/008/SRR9671468/SRR9671468_1.fastq.gz;ftp.sra.ebi.ac.uk/vol1/fastq/SRR967/008/SRR9671468/SRR9671468_2.fastq.gz	fasp.sra.ebi.ac.uk:/vol1/fastq/SRR967/008/SRR9671468/SRR9671468_1.fastq.gz;fasp.sra.ebi.ac.uk:/vol1/fastq/SRR967/008/SRR9671468/SRR9671468_2.fastq.gz	ftp.sra.ebi.ac.uk/vol1/fastq/SRR967/008/SRR9671468/SRR9671468_1.fastq.gz;ftp.sra.ebi.ac.uk/vol1/fastq/SRR967/008/SRR9671468/SRR9671468_2.fastq.gz							CON35		Metagenome or environmental sample from human gut metagenome		2019-07-12				GENERATED_FILE;GENERATED_FILE		
SRR9671453	PRJNA554111	SRP214293	SAMN12256080	SRS5086784	SRX6431989	SRA919997	408170	human gut metagenome	ILLUMINA	Illumina MiSeq	L-53		PAIRED	OTHER	METAGENOMIC	other	43820	26379640	SUB5937627	2019-07-12	2019-07-12	Illumina MiSeq sequencing: fece53	The raw reads of gut Microbiota in Patients with Alzheimer's Disease and normal people	PRJNA554111	L-53	raw.split.CON10.1.fq	4089469;5840988	fb28e526de06061479b68bb8484e416f;b3ecb5fe79175aa7c1f8bd779f075643	ftp.sra.ebi.ac.uk/vol1/fastq/SRR967/003/SRR9671453/SRR9671453_1.fastq.gz;ftp.sra.ebi.ac.uk/vol1/fastq/SRR967/003/SRR9671453/SRR9671453_2.fastq.gz	fasp.sra.ebi.ac.uk:/vol1/fastq/SRR967/003/SRR9671453/SRR9671453_1.fastq.gz;fasp.sra.ebi.ac.uk:/vol1/fastq/SRR967/003/SRR9671453/SRR9671453_2.fastq.gz	ftp.sra.ebi.ac.uk/vol1/fastq/SRR967/003/SRR9671453/SRR9671453_1.fastq.gz;ftp.sra.ebi.ac.uk/vol1/fastq/SRR967/003/SRR9671453/SRR9671453_2.fastq.gz							CON10		Metagenome or environmental sample from human gut metagenome		2019-07-12				GENERATED_FILE;GENERATED_FILE		
SRR9671450	PRJNA554111	SRP214293	SAMN12256083	SRS5086787	SRX6431992	SRA919997	408170	human gut metagenome	ILLUMINA	Illumina MiSeq	L-56		PAIRED	OTHER	METAGENOMIC	other	41333	24882466	SUB5937627	2019-07-12	2019-07-12	Illumina MiSeq sequencing: fece56	The raw reads of gut Microbiota in Patients with Alzheimer's Disease and normal people	PRJNA554111	L-56	raw.split.CON13.1.fq	3770943;5389693	e751a5b208e3fd865fec681d63de0481;59f72f8bbea6b74c743e85a16815a282	ftp.sra.ebi.ac.uk/vol1/fastq/SRR967/000/SRR9671450/SRR9671450_1.fastq.gz;ftp.sra.ebi.ac.uk/vol1/fastq/SRR967/000/SRR9671450/SRR9671450_2.fastq.gz	fasp.sra.ebi.ac.uk:/vol1/fastq/SRR967/000/SRR9671450/SRR9671450_1.fastq.gz;fasp.sra.ebi.ac.uk:/vol1/fastq/SRR967/000/SRR9671450/SRR9671450_2.fastq.gz	ftp.sra.ebi.ac.uk/vol1/fastq/SRR967/000/SRR9671450/SRR9671450_1.fastq.gz;ftp.sra.ebi.ac.uk/vol1/fastq/SRR967/000/SRR9671450/SRR9671450_2.fastq.gz							CON13		Metagenome or environmental sample from human gut metagenome		2019-07-12				GENERATED_FILE;GENERATED_FILE		
SRR9671456	PRJNA554111	SRP214293	SAMN12256076	SRS5086781	SRX6431986	SRA919997	408170	human gut metagenome	ILLUMINA	Illumina MiSeq	L-49		PAIRED	OTHER	METAGENOMIC	other	37470	22556940	SUB5937627	2019-07-12	2019-07-12	Illumina MiSeq sequencing: fece49	The raw reads of gut Microbiota in Patients with Alzheimer's Disease and normal people	PRJNA554111	L-49	raw.split.CON6.1.fq	3287117;4841840	ca9246b131cead3ccfdbca8118bd4d67;de9d395bb8071c0c4e52c60d2243bba5	ftp.sra.ebi.ac.uk/vol1/fastq/SRR967/006/SRR9671456/SRR9671456_1.fastq.gz;ftp.sra.ebi.ac.uk/vol1/fastq/SRR967/006/SRR9671456/SRR9671456_2.fastq.gz	fasp.sra.ebi.ac.uk:/vol1/fastq/SRR967/006/SRR9671456/SRR9671456_1.fastq.gz;fasp.sra.ebi.ac.uk:/vol1/fastq/SRR967/006/SRR9671456/SRR9671456_2.fastq.gz	ftp.sra.ebi.ac.uk/vol1/fastq/SRR967/006/SRR9671456/SRR9671456_1.fastq.gz;ftp.sra.ebi.ac.uk/vol1/fastq/SRR967/006/SRR9671456/SRR9671456_2.fastq.gz							CON6		Metagenome or environmental sample from human gut metagenome		2019-07-12				GENERATED_FILE;GENERATED_FILE		
SRR9671474	PRJNA554111	SRP214293	SAMN12256107	SRS5086763	SRX6431968	SRA919997	408170	human gut metagenome	ILLUMINA	Illumina MiSeq	L-80		PAIRED	OTHER	METAGENOMIC	other	44902	27031004	SUB5937627	2019-07-12	2019-07-12	Illumina MiSeq sequencing: fece80	The raw reads of gut Microbiota in Patients with Alzheimer's Disease and normal people	PRJNA554111	L-80	raw.split.CON37.1.fq	4160596;5980439	69b473efdac772c103ccbd8163797c4d;bf721daccbf16779e549b371ba3f460c	ftp.sra.ebi.ac.uk/vol1/fastq/SRR967/004/SRR9671474/SRR9671474_1.fastq.gz;ftp.sra.ebi.ac.uk/vol1/fastq/SRR967/004/SRR9671474/SRR9671474_2.fastq.gz	fasp.sra.ebi.ac.uk:/vol1/fastq/SRR967/004/SRR9671474/SRR9671474_1.fastq.gz;fasp.sra.ebi.ac.uk:/vol1/fastq/SRR967/004/SRR9671474/SRR9671474_2.fastq.gz	ftp.sra.ebi.ac.uk/vol1/fastq/SRR967/004/SRR9671474/SRR9671474_1.fastq.gz;ftp.sra.ebi.ac.uk/vol1/fastq/SRR967/004/SRR9671474/SRR9671474_2.fastq.gz							CON37		Metagenome or environmental sample from human gut metagenome		2019-07-12				GENERATED_FILE;GENERATED_FILE		
SRR9671454	PRJNA554111	SRP214293	SAMN12256079	SRS5086783	SRX6431988	SRA919997	408170	human gut metagenome	ILLUMINA	Illumina MiSeq	L-52		PAIRED	OTHER	METAGENOMIC	other	38145	22963290	SUB5937627	2019-07-12	2019-07-12	Illumina MiSeq sequencing: fece52	The raw reads of gut Microbiota in Patients with Alzheimer's Disease and normal people	PRJNA554111	L-52	raw.split.CON9.1.fq	3512674;4840238	d498df80a722ffab72c5035393bfb9cf;548f2311dbf9d39d36e59bb2bb459880	ftp.sra.ebi.ac.uk/vol1/fastq/SRR967/004/SRR9671454/SRR9671454_1.fastq.gz;ftp.sra.ebi.ac.uk/vol1/fastq/SRR967/004/SRR9671454/SRR9671454_2.fastq.gz	fasp.sra.ebi.ac.uk:/vol1/fastq/SRR967/004/SRR9671454/SRR9671454_1.fastq.gz;fasp.sra.ebi.ac.uk:/vol1/fastq/SRR967/004/SRR9671454/SRR9671454_2.fastq.gz	ftp.sra.ebi.ac.uk/vol1/fastq/SRR967/004/SRR9671454/SRR9671454_1.fastq.gz;ftp.sra.ebi.ac.uk/vol1/fastq/SRR967/004/SRR9671454/SRR9671454_2.fastq.gz							CON9		Metagenome or environmental sample from human gut metagenome		2019-07-12				GENERATED_FILE;GENERATED_FILE		
SRR9671458	PRJNA554111	SRP214293	SAMN12256068	SRS5086779	SRX6431984	SRA919997	408170	human gut metagenome	ILLUMINA	Illumina MiSeq	L-41		PAIRED	OTHER	METAGENOMIC	other	30938	18624676	SUB5937627	2019-07-12	2019-07-12	Illumina MiSeq sequencing: fece41	The raw reads of gut Microbiota in Patients with Alzheimer's Disease and normal people	PRJNA554111	L-41	raw.split.AD41.1.fq	2366673;3612625	dca3f56a1fd732084c03519067f03d7a;3a2de634a62203b81306e0e61ae53ec0	ftp.sra.ebi.ac.uk/vol1/fastq/SRR967/008/SRR9671458/SRR9671458_1.fastq.gz;ftp.sra.ebi.ac.uk/vol1/fastq/SRR967/008/SRR9671458/SRR9671458_2.fastq.gz	fasp.sra.ebi.ac.uk:/vol1/fastq/SRR967/008/SRR9671458/SRR9671458_1.fastq.gz;fasp.sra.ebi.ac.uk:/vol1/fastq/SRR967/008/SRR9671458/SRR9671458_2.fastq.gz	ftp.sra.ebi.ac.uk/vol1/fastq/SRR967/008/SRR9671458/SRR9671458_1.fastq.gz;ftp.sra.ebi.ac.uk/vol1/fastq/SRR967/008/SRR9671458/SRR9671458_2.fastq.gz							AD41		Metagenome or environmental sample from human gut metagenome		2019-07-12				GENERATED_FILE;GENERATED_FILE		
SRR9671477	PRJNA554111	SRP214293	SAMN12256095	SRS5086760	SRX6431965	SRA919997	408170	human gut metagenome	ILLUMINA	Illumina MiSeq	L-68		PAIRED	OTHER	METAGENOMIC	other	37332	22473864	SUB5937627	2019-07-12	2019-07-12	Illumina MiSeq sequencing: fece68	The raw reads of gut Microbiota in Patients with Alzheimer's Disease and normal people	PRJNA554111	L-68	raw.split.CON25.1.fq	3369853;4864414	69615c8548505fed5e22f90a6378d639;52af25ce16b9c986b82d340f0eb4c045	ftp.sra.ebi.ac.uk/vol1/fastq/SRR967/007/SRR9671477/SRR9671477_1.fastq.gz;ftp.sra.ebi.ac.uk/vol1/fastq/SRR967/007/SRR9671477/SRR9671477_2.fastq.gz	fasp.sra.ebi.ac.uk:/vol1/fastq/SRR967/007/SRR9671477/SRR9671477_1.fastq.gz;fasp.sra.ebi.ac.uk:/vol1/fastq/SRR967/007/SRR9671477/SRR9671477_2.fastq.gz	ftp.sra.ebi.ac.uk/vol1/fastq/SRR967/007/SRR9671477/SRR9671477_1.fastq.gz;ftp.sra.ebi.ac.uk/vol1/fastq/SRR967/007/SRR9671477/SRR9671477_2.fastq.gz							CON25		Metagenome or environmental sample from human gut metagenome		2019-07-12				GENERATED_FILE;GENERATED_FILE		
SRR9671455	PRJNA554111	SRP214293	SAMN12256078	SRS5086782	SRX6431987	SRA919997	408170	human gut metagenome	ILLUMINA	Illumina MiSeq	L-51		PAIRED	OTHER	METAGENOMIC	other	35913	21619626	SUB5937627	2019-07-12	2019-07-12	Illumina MiSeq sequencing: fece51	The raw reads of gut Microbiota in Patients with Alzheimer's Disease and normal people	PRJNA554111	L-51	raw.split.CON8.1.fq	3198229;4647670	bee5bc6602825c2dcd82fb9a9ee0b641;9b2ec138e5d52108e04ed1f5d76322a4	ftp.sra.ebi.ac.uk/vol1/fastq/SRR967/005/SRR9671455/SRR9671455_1.fastq.gz;ftp.sra.ebi.ac.uk/vol1/fastq/SRR967/005/SRR9671455/SRR9671455_2.fastq.gz	fasp.sra.ebi.ac.uk:/vol1/fastq/SRR967/005/SRR9671455/SRR9671455_1.fastq.gz;fasp.sra.ebi.ac.uk:/vol1/fastq/SRR967/005/SRR9671455/SRR9671455_2.fastq.gz	ftp.sra.ebi.ac.uk/vol1/fastq/SRR967/005/SRR9671455/SRR9671455_1.fastq.gz;ftp.sra.ebi.ac.uk/vol1/fastq/SRR967/005/SRR9671455/SRR9671455_2.fastq.gz							CON8		Metagenome or environmental sample from human gut metagenome		2019-07-12				GENERATED_FILE;GENERATED_FILE		
SRR9671459	PRJNA554111	SRP214293	SAMN12256069	SRS5086778	SRX6431983	SRA919997	408170	human gut metagenome	ILLUMINA	Illumina MiSeq	L-42		PAIRED	OTHER	METAGENOMIC	other	36842	22178884	SUB5937627	2019-07-12	2019-07-12	Illumina MiSeq sequencing: fece42	The raw reads of gut Microbiota in Patients with Alzheimer's Disease and normal people	PRJNA554111	L-42	raw.split.AD42.1.fq	3315021;4436348	f95a2865cd84bc089739bdbc0a385931;5ae049e652825a9a6808c89c71c382d1	ftp.sra.ebi.ac.uk/vol1/fastq/SRR967/009/SRR9671459/SRR9671459_1.fastq.gz;ftp.sra.ebi.ac.uk/vol1/fastq/SRR967/009/SRR9671459/SRR9671459_2.fastq.gz	fasp.sra.ebi.ac.uk:/vol1/fastq/SRR967/009/SRR9671459/SRR9671459_1.fastq.gz;fasp.sra.ebi.ac.uk:/vol1/fastq/SRR967/009/SRR9671459/SRR9671459_2.fastq.gz	ftp.sra.ebi.ac.uk/vol1/fastq/SRR967/009/SRR9671459/SRR9671459_1.fastq.gz;ftp.sra.ebi.ac.uk/vol1/fastq/SRR967/009/SRR9671459/SRR9671459_2.fastq.gz							AD42		Metagenome or environmental sample from human gut metagenome		2019-07-12				GENERATED_FILE;GENERATED_FILE		
SRR9671478	PRJNA554111	SRP214293	SAMN12256092	SRS5086759	SRX6431964	SRA919997	408170	human gut metagenome	ILLUMINA	Illumina MiSeq	L-65		PAIRED	OTHER	METAGENOMIC	other	37509	22580418	SUB5937627	2019-07-12	2019-07-12	Illumina MiSeq sequencing: fece65	The raw reads of gut Microbiota in Patients with Alzheimer's Disease and normal people	PRJNA554111	L-65	raw.split.CON22.1.fq	3392823;4700244	d58f8d88d7035c6b089cb70e1fc3fb9b;b04f15aa754594bc8e03fa73e875f871	ftp.sra.ebi.ac.uk/vol1/fastq/SRR967/008/SRR9671478/SRR9671478_1.fastq.gz;ftp.sra.ebi.ac.uk/vol1/fastq/SRR967/008/SRR9671478/SRR9671478_2.fastq.gz	fasp.sra.ebi.ac.uk:/vol1/fastq/SRR967/008/SRR9671478/SRR9671478_1.fastq.gz;fasp.sra.ebi.ac.uk:/vol1/fastq/SRR967/008/SRR9671478/SRR9671478_2.fastq.gz	ftp.sra.ebi.ac.uk/vol1/fastq/SRR967/008/SRR9671478/SRR9671478_1.fastq.gz;ftp.sra.ebi.ac.uk/vol1/fastq/SRR967/008/SRR9671478/SRR9671478_2.fastq.gz							CON22		Metagenome or environmental sample from human gut metagenome		2019-07-12				GENERATED_FILE;GENERATED_FILE		
SRR9671457	PRJNA554111	SRP214293	SAMN12256077	SRS5086780	SRX6431985	SRA919997	408170	human gut metagenome	ILLUMINA	Illumina MiSeq	L-50		PAIRED	OTHER	METAGENOMIC	other	36659	22068718	SUB5937627	2019-07-12	2019-07-12	Illumina MiSeq sequencing: fece50	The raw reads of gut Microbiota in Patients with Alzheimer's Disease and normal people	PRJNA554111	L-50	raw.split.CON7.1.fq	3291981;4662219	6e8a86d1ab8328797f9b85c4d0b63bad;db00162f0e1852de30f59203b0158801	ftp.sra.ebi.ac.uk/vol1/fastq/SRR967/007/SRR9671457/SRR9671457_1.fastq.gz;ftp.sra.ebi.ac.uk/vol1/fastq/SRR967/007/SRR9671457/SRR9671457_2.fastq.gz	fasp.sra.ebi.ac.uk:/vol1/fastq/SRR967/007/SRR9671457/SRR9671457_1.fastq.gz;fasp.sra.ebi.ac.uk:/vol1/fastq/SRR967/007/SRR9671457/SRR9671457_2.fastq.gz	ftp.sra.ebi.ac.uk/vol1/fastq/SRR967/007/SRR9671457/SRR9671457_1.fastq.gz;ftp.sra.ebi.ac.uk/vol1/fastq/SRR967/007/SRR9671457/SRR9671457_2.fastq.gz							CON7		Metagenome or environmental sample from human gut metagenome		2019-07-12				GENERATED_FILE;GENERATED_FILE		
SRR9671461	PRJNA554111	SRP214293	SAMN12256071	SRS5086776	SRX6431981	SRA919997	408170	human gut metagenome	ILLUMINA	Illumina MiSeq	L-44		PAIRED	OTHER	METAGENOMIC	other	35695	21488390	SUB5937627	2019-07-12	2019-07-12	Illumina MiSeq sequencing: fece44	The raw reads of gut Microbiota in Patients with Alzheimer's Disease and normal people	PRJNA554111	L-44	raw.split.CON1.1.fq	3074917;4348814	f843fad9feed38fd7dcc98a8967a576a;4c5f1a4d7947f066e90119870f78d92b	ftp.sra.ebi.ac.uk/vol1/fastq/SRR967/001/SRR9671461/SRR9671461_1.fastq.gz;ftp.sra.ebi.ac.uk/vol1/fastq/SRR967/001/SRR9671461/SRR9671461_2.fastq.gz	fasp.sra.ebi.ac.uk:/vol1/fastq/SRR967/001/SRR9671461/SRR9671461_1.fastq.gz;fasp.sra.ebi.ac.uk:/vol1/fastq/SRR967/001/SRR9671461/SRR9671461_2.fastq.gz	ftp.sra.ebi.ac.uk/vol1/fastq/SRR967/001/SRR9671461/SRR9671461_1.fastq.gz;ftp.sra.ebi.ac.uk/vol1/fastq/SRR967/001/SRR9671461/SRR9671461_2.fastq.gz							CON1		Metagenome or environmental sample from human gut metagenome		2019-07-12				GENERATED_FILE;GENERATED_FILE		
SRR9671480	PRJNA554111	SRP214293	SAMN12256090	SRS5086757	SRX6431962	SRA919997	408170	human gut metagenome	ILLUMINA	Illumina MiSeq	L-63		PAIRED	OTHER	METAGENOMIC	other	33370	20088740	SUB5937627	2019-07-12	2019-07-12	Illumina MiSeq sequencing: fece63	The raw reads of gut Microbiota in Patients with Alzheimer's Disease and normal people	PRJNA554111	L-63	raw.split.CON20.1.fq	2931228;4134851	a5c406fb394a53858f5316e459d6f71b;b03d6c0c5ce6a9c0305df926a459f74a	ftp.sra.ebi.ac.uk/vol1/fastq/SRR967/000/SRR9671480/SRR9671480_1.fastq.gz;ftp.sra.ebi.ac.uk/vol1/fastq/SRR967/000/SRR9671480/SRR9671480_2.fastq.gz	fasp.sra.ebi.ac.uk:/vol1/fastq/SRR967/000/SRR9671480/SRR9671480_1.fastq.gz;fasp.sra.ebi.ac.uk:/vol1/fastq/SRR967/000/SRR9671480/SRR9671480_2.fastq.gz	ftp.sra.ebi.ac.uk/vol1/fastq/SRR967/000/SRR9671480/SRR9671480_1.fastq.gz;ftp.sra.ebi.ac.uk/vol1/fastq/SRR967/000/SRR9671480/SRR9671480_2.fastq.gz							CON20		Metagenome or environmental sample from human gut metagenome		2019-07-12				GENERATED_FILE;GENERATED_FILE		
SRR9671463	PRJNA554111	SRP214293	SAMN12256073	SRS5086774	SRX6431979	SRA919997	408170	human gut metagenome	ILLUMINA	Illumina MiSeq	L-46		PAIRED	OTHER	METAGENOMIC	other	44789	26962978	SUB5937627	2019-07-12	2019-07-12	Illumina MiSeq sequencing: fece46	The raw reads of gut Microbiota in Patients with Alzheimer's Disease and normal people	PRJNA554111	L-46	raw.split.CON3.1.fq	3960922;5482288	b265bb52dc5e8f007007c3ba2ee3958d;d24a9b03c6ce6b4549561404b26afca1	ftp.sra.ebi.ac.uk/vol1/fastq/SRR967/003/SRR9671463/SRR9671463_1.fastq.gz;ftp.sra.ebi.ac.uk/vol1/fastq/SRR967/003/SRR9671463/SRR9671463_2.fastq.gz	fasp.sra.ebi.ac.uk:/vol1/fastq/SRR967/003/SRR9671463/SRR9671463_1.fastq.gz;fasp.sra.ebi.ac.uk:/vol1/fastq/SRR967/003/SRR9671463/SRR9671463_2.fastq.gz	ftp.sra.ebi.ac.uk/vol1/fastq/SRR967/003/SRR9671463/SRR9671463_1.fastq.gz;ftp.sra.ebi.ac.uk/vol1/fastq/SRR967/003/SRR9671463/SRR9671463_2.fastq.gz							CON3		Metagenome or environmental sample from human gut metagenome		2019-07-12				GENERATED_FILE;GENERATED_FILE		
SRR9671462	PRJNA554111	SRP214293	SAMN12256072	SRS5086775	SRX6431980	SRA919997	408170	human gut metagenome	ILLUMINA	Illumina MiSeq	L-45		PAIRED	OTHER	METAGENOMIC	other	32691	19679982	SUB5937627	2019-07-12	2019-07-12	Illumina MiSeq sequencing: fece45	The raw reads of gut Microbiota in Patients with Alzheimer's Disease and normal people	PRJNA554111	L-45	raw.split.CON2.1.fq	3057795;4244796	6e8cba6649ece2f476af8fbdabfc7892;d4c2cda34c52f52424b9b0eaa3701d61	ftp.sra.ebi.ac.uk/vol1/fastq/SRR967/002/SRR9671462/SRR9671462_1.fastq.gz;ftp.sra.ebi.ac.uk/vol1/fastq/SRR967/002/SRR9671462/SRR9671462_2.fastq.gz	fasp.sra.ebi.ac.uk:/vol1/fastq/SRR967/002/SRR9671462/SRR9671462_1.fastq.gz;fasp.sra.ebi.ac.uk:/vol1/fastq/SRR967/002/SRR9671462/SRR9671462_2.fastq.gz	ftp.sra.ebi.ac.uk/vol1/fastq/SRR967/002/SRR9671462/SRR9671462_1.fastq.gz;ftp.sra.ebi.ac.uk/vol1/fastq/SRR967/002/SRR9671462/SRR9671462_2.fastq.gz							CON2		Metagenome or environmental sample from human gut metagenome		2019-07-12				GENERATED_FILE;GENERATED_FILE		
SRR9671482	PRJNA554111	SRP214293	SAMN12256088	SRS5086755	SRX6431960	SRA919997	408170	human gut metagenome	ILLUMINA	Illumina MiSeq	L-61		PAIRED	OTHER	METAGENOMIC	other	39642	23864484	SUB5937627	2019-07-12	2019-07-12	Illumina MiSeq sequencing: fece61	The raw reads of gut Microbiota in Patients with Alzheimer's Disease and normal people	PRJNA554111	L-61	raw.split.CON18.1.fq	3490280;4989025	a0333d8687aee72d348b1d2301fd5fa8;3ca62b186ce3cd4119fa647762718293	ftp.sra.ebi.ac.uk/vol1/fastq/SRR967/002/SRR9671482/SRR9671482_1.fastq.gz;ftp.sra.ebi.ac.uk/vol1/fastq/SRR967/002/SRR9671482/SRR9671482_2.fastq.gz	fasp.sra.ebi.ac.uk:/vol1/fastq/SRR967/002/SRR9671482/SRR9671482_1.fastq.gz;fasp.sra.ebi.ac.uk:/vol1/fastq/SRR967/002/SRR9671482/SRR9671482_2.fastq.gz	ftp.sra.ebi.ac.uk/vol1/fastq/SRR967/002/SRR9671482/SRR9671482_1.fastq.gz;ftp.sra.ebi.ac.uk/vol1/fastq/SRR967/002/SRR9671482/SRR9671482_2.fastq.gz							CON18		Metagenome or environmental sample from human gut metagenome		2019-07-12				GENERATED_FILE;GENERATED_FILE		
SRR9671464	PRJNA554111	SRP214293	SAMN12256074	SRS5086773	SRX6431978	SRA919997	408170	human gut metagenome	ILLUMINA	Illumina MiSeq	L-47		PAIRED	OTHER	METAGENOMIC	other	44886	27021372	SUB5937627	2019-07-12	2019-07-12	Illumina MiSeq sequencing: fece47	The raw reads of gut Microbiota in Patients with Alzheimer's Disease and normal people	PRJNA554111	L-47	raw.split.CON4.1.fq	4107157;5575239	c688519b2ee52656fb90e648d8ff775f;9bf4a0577fa9c897fae64a16f7bd227d	ftp.sra.ebi.ac.uk/vol1/fastq/SRR967/004/SRR9671464/SRR9671464_1.fastq.gz;ftp.sra.ebi.ac.uk/vol1/fastq/SRR967/004/SRR9671464/SRR9671464_2.fastq.gz	fasp.sra.ebi.ac.uk:/vol1/fastq/SRR967/004/SRR9671464/SRR9671464_1.fastq.gz;fasp.sra.ebi.ac.uk:/vol1/fastq/SRR967/004/SRR9671464/SRR9671464_2.fastq.gz	ftp.sra.ebi.ac.uk/vol1/fastq/SRR967/004/SRR9671464/SRR9671464_1.fastq.gz;ftp.sra.ebi.ac.uk/vol1/fastq/SRR967/004/SRR9671464/SRR9671464_2.fastq.gz							CON4		Metagenome or environmental sample from human gut metagenome		2019-07-12				GENERATED_FILE;GENERATED_FILE		
SRR9671465	PRJNA554111	SRP214293	SAMN12256075	SRS5086772	SRX6431977	SRA919997	408170	human gut metagenome	ILLUMINA	Illumina MiSeq	L-48		PAIRED	OTHER	METAGENOMIC	other	42232	25423664	SUB5937627	2019-07-12	2019-07-12	Illumina MiSeq sequencing: fece48	The raw reads of gut Microbiota in Patients with Alzheimer's Disease and normal people	PRJNA554111	L-48	raw.split.CON5.1.fq	3798266;5096745	74d542da3f3af462f75b15fe89f44e7d;7f388da80930cd781372ba2ae1acbb8a	ftp.sra.ebi.ac.uk/vol1/fastq/SRR967/005/SRR9671465/SRR9671465_1.fastq.gz;ftp.sra.ebi.ac.uk/vol1/fastq/SRR967/005/SRR9671465/SRR9671465_2.fastq.gz	fasp.sra.ebi.ac.uk:/vol1/fastq/SRR967/005/SRR9671465/SRR9671465_1.fastq.gz;fasp.sra.ebi.ac.uk:/vol1/fastq/SRR967/005/SRR9671465/SRR9671465_2.fastq.gz	ftp.sra.ebi.ac.uk/vol1/fastq/SRR967/005/SRR9671465/SRR9671465_1.fastq.gz;ftp.sra.ebi.ac.uk/vol1/fastq/SRR967/005/SRR9671465/SRR9671465_2.fastq.gz							CON5		Metagenome or environmental sample from human gut metagenome		2019-07-12				GENERATED_FILE;GENERATED_FILE		
SRR9671483	PRJNA554111	SRP214293	SAMN12256089	SRS5086754	SRX6431959	SRA919997	408170	human gut metagenome	ILLUMINA	Illumina MiSeq	L-62		PAIRED	OTHER	METAGENOMIC	other	32447	19533094	SUB5937627	2019-07-12	2019-07-12	Illumina MiSeq sequencing: fece62	The raw reads of gut Microbiota in Patients with Alzheimer's Disease and normal people	PRJNA554111	L-62	raw.split.CON19.1.fq	2853911;4192548	c38e603264c15058710abf3300e292dd;9c916ab0542e18cf1b0df98fc4c0d0df	ftp.sra.ebi.ac.uk/vol1/fastq/SRR967/003/SRR9671483/SRR9671483_1.fastq.gz;ftp.sra.ebi.ac.uk/vol1/fastq/SRR967/003/SRR9671483/SRR9671483_2.fastq.gz	fasp.sra.ebi.ac.uk:/vol1/fastq/SRR967/003/SRR9671483/SRR9671483_1.fastq.gz;fasp.sra.ebi.ac.uk:/vol1/fastq/SRR967/003/SRR9671483/SRR9671483_2.fastq.gz	ftp.sra.ebi.ac.uk/vol1/fastq/SRR967/003/SRR9671483/SRR9671483_1.fastq.gz;ftp.sra.ebi.ac.uk/vol1/fastq/SRR967/003/SRR9671483/SRR9671483_2.fastq.gz							CON19		Metagenome or environmental sample from human gut metagenome		2019-07-12				GENERATED_FILE;GENERATED_FILE		
SRR9671490	PRJNA554111	SRP214293	SAMN12256045	SRS5086747	SRX6431952	SRA919997	408170	human gut metagenome	ILLUMINA	Illumina MiSeq	L-18		PAIRED	OTHER	METAGENOMIC	other	35151	21160902	SUB5937627	2019-07-12	2019-07-12	Illumina MiSeq sequencing: fece18	The raw reads of gut Microbiota in Patients with Alzheimer's Disease and normal people	PRJNA554111	L-18	raw.split.AD18.1.fq	3074399;4472109	501e983adebaa0b6096b27c6057a947e;d083a4c8cdb3131ffa500af6b07fb35b	ftp.sra.ebi.ac.uk/vol1/fastq/SRR967/000/SRR9671490/SRR9671490_1.fastq.gz;ftp.sra.ebi.ac.uk/vol1/fastq/SRR967/000/SRR9671490/SRR9671490_2.fastq.gz	fasp.sra.ebi.ac.uk:/vol1/fastq/SRR967/000/SRR9671490/SRR9671490_1.fastq.gz;fasp.sra.ebi.ac.uk:/vol1/fastq/SRR967/000/SRR9671490/SRR9671490_2.fastq.gz	ftp.sra.ebi.ac.uk/vol1/fastq/SRR967/000/SRR9671490/SRR9671490_1.fastq.gz;ftp.sra.ebi.ac.uk/vol1/fastq/SRR967/000/SRR9671490/SRR9671490_2.fastq.gz							AD18		Metagenome or environmental sample from human gut metagenome		2019-07-12				GENERATED_FILE;GENERATED_FILE		
SRR9671467	PRJNA554111	SRP214293	SAMN12256102	SRS5086770	SRX6431975	SRA919997	408170	human gut metagenome	ILLUMINA	Illumina MiSeq	L-75		PAIRED	OTHER	METAGENOMIC	other	43321	26079242	SUB5937627	2019-07-12	2019-07-12	Illumina MiSeq sequencing: fece75	The raw reads of gut Microbiota in Patients with Alzheimer's Disease and normal people	PRJNA554111	L-75	raw.split.CON32.1.fq	4041092;5447973	15985692faadeb646976deb41ebe7f8c;b8fa7c35bc84bd45557fe16b089bc86e	ftp.sra.ebi.ac.uk/vol1/fastq/SRR967/007/SRR9671467/SRR9671467_1.fastq.gz;ftp.sra.ebi.ac.uk/vol1/fastq/SRR967/007/SRR9671467/SRR9671467_2.fastq.gz	fasp.sra.ebi.ac.uk:/vol1/fastq/SRR967/007/SRR9671467/SRR9671467_1.fastq.gz;fasp.sra.ebi.ac.uk:/vol1/fastq/SRR967/007/SRR9671467/SRR9671467_2.fastq.gz	ftp.sra.ebi.ac.uk/vol1/fastq/SRR967/007/SRR9671467/SRR9671467_1.fastq.gz;ftp.sra.ebi.ac.uk/vol1/fastq/SRR967/007/SRR9671467/SRR9671467_2.fastq.gz							CON32		Metagenome or environmental sample from human gut metagenome		2019-07-12				GENERATED_FILE;GENERATED_FILE		
SRR9671466	PRJNA554111	SRP214293	SAMN12256103	SRS5086771	SRX6431976	SRA919997	408170	human gut metagenome	ILLUMINA	Illumina MiSeq	L-76		PAIRED	OTHER	METAGENOMIC	other	33280	20034560	SUB5937627	2019-07-12	2019-07-12	Illumina MiSeq sequencing: fece76	The raw reads of gut Microbiota in Patients with Alzheimer's Disease and normal people	PRJNA554111	L-76	raw.split.CON33.1.fq	2890834;4209715	bb8bffb840efc5ac4618f055075d5e8d;6741f5d20cda4efd13406a65a851255d	ftp.sra.ebi.ac.uk/vol1/fastq/SRR967/006/SRR9671466/SRR9671466_1.fastq.gz;ftp.sra.ebi.ac.uk/vol1/fastq/SRR967/006/SRR9671466/SRR9671466_2.fastq.gz	fasp.sra.ebi.ac.uk:/vol1/fastq/SRR967/006/SRR9671466/SRR9671466_1.fastq.gz;fasp.sra.ebi.ac.uk:/vol1/fastq/SRR967/006/SRR9671466/SRR9671466_2.fastq.gz	ftp.sra.ebi.ac.uk/vol1/fastq/SRR967/006/SRR9671466/SRR9671466_1.fastq.gz;ftp.sra.ebi.ac.uk/vol1/fastq/SRR967/006/SRR9671466/SRR9671466_2.fastq.gz							CON33		Metagenome or environmental sample from human gut metagenome		2019-07-12				GENERATED_FILE;GENERATED_FILE		
SRR9671494	PRJNA554111	SRP214293	SAMN12256047	SRS5086743	SRX6431948	SRA919997	408170	human gut metagenome	ILLUMINA	Illumina MiSeq	L-20		PAIRED	OTHER	METAGENOMIC	other	39198	23597196	SUB5937627	2019-07-12	2019-07-12	Illumina MiSeq sequencing: fece20	The raw reads of gut Microbiota in Patients with Alzheimer's Disease and normal people	PRJNA554111	L-20	raw.split.AD20.1.fq	3498128;4935805	606a5c570e6fc250c11bf8960412bb63;3afae2f0e8a473ccde5eb0fa733c3cf2	ftp.sra.ebi.ac.uk/vol1/fastq/SRR967/004/SRR9671494/SRR9671494_1.fastq.gz;ftp.sra.ebi.ac.uk/vol1/fastq/SRR967/004/SRR9671494/SRR9671494_2.fastq.gz	fasp.sra.ebi.ac.uk:/vol1/fastq/SRR967/004/SRR9671494/SRR9671494_1.fastq.gz;fasp.sra.ebi.ac.uk:/vol1/fastq/SRR967/004/SRR9671494/SRR9671494_2.fastq.gz	ftp.sra.ebi.ac.uk/vol1/fastq/SRR967/004/SRR9671494/SRR9671494_1.fastq.gz;ftp.sra.ebi.ac.uk/vol1/fastq/SRR967/004/SRR9671494/SRR9671494_2.fastq.gz							AD20		Metagenome or environmental sample from human gut metagenome		2019-07-12				GENERATED_FILE;GENERATED_FILE		
SRR9671469	PRJNA554111	SRP214293	SAMN12256104	SRS5086768	SRX6431973	SRA919997	408170	human gut metagenome	ILLUMINA	Illumina MiSeq	L-77		PAIRED	OTHER	METAGENOMIC	other	31286	18834172	SUB5937627	2019-07-12	2019-07-12	Illumina MiSeq sequencing: fece77	The raw reads of gut Microbiota in Patients with Alzheimer's Disease and normal people	PRJNA554111	L-77	raw.split.CON34.1.fq	2633106;3987954	c51bc3393d01e0cdf1692452d6070f82;c79d030cef885eed1e5cc374ca4b5827	ftp.sra.ebi.ac.uk/vol1/fastq/SRR967/009/SRR9671469/SRR9671469_1.fastq.gz;ftp.sra.ebi.ac.uk/vol1/fastq/SRR967/009/SRR9671469/SRR9671469_2.fastq.gz	fasp.sra.ebi.ac.uk:/vol1/fastq/SRR967/009/SRR9671469/SRR9671469_1.fastq.gz;fasp.sra.ebi.ac.uk:/vol1/fastq/SRR967/009/SRR9671469/SRR9671469_2.fastq.gz	ftp.sra.ebi.ac.uk/vol1/fastq/SRR967/009/SRR9671469/SRR9671469_1.fastq.gz;ftp.sra.ebi.ac.uk/vol1/fastq/SRR967/009/SRR9671469/SRR9671469_2.fastq.gz							CON34		Metagenome or environmental sample from human gut metagenome		2019-07-12				GENERATED_FILE;GENERATED_FILE		
SRR9671471	PRJNA554111	SRP214293	SAMN12256098	SRS5086766	SRX6431971	SRA919997	408170	human gut metagenome	ILLUMINA	Illumina MiSeq	L-71		PAIRED	OTHER	METAGENOMIC	other	44971	27072542	SUB5937627	2019-07-12	2019-07-12	Illumina MiSeq sequencing: fece71	The raw reads of gut Microbiota in Patients with Alzheimer's Disease and normal people	PRJNA554111	L-71	raw.split.CON28.1.fq	4278581;5903112	9f15986993ab6f0391dcb262a4344f32;50511bd81cc27c913926d36332de2e7d	ftp.sra.ebi.ac.uk/vol1/fastq/SRR967/001/SRR9671471/SRR9671471_1.fastq.gz;ftp.sra.ebi.ac.uk/vol1/fastq/SRR967/001/SRR9671471/SRR9671471_2.fastq.gz	fasp.sra.ebi.ac.uk:/vol1/fastq/SRR967/001/SRR9671471/SRR9671471_1.fastq.gz;fasp.sra.ebi.ac.uk:/vol1/fastq/SRR967/001/SRR9671471/SRR9671471_2.fastq.gz	ftp.sra.ebi.ac.uk/vol1/fastq/SRR967/001/SRR9671471/SRR9671471_1.fastq.gz;ftp.sra.ebi.ac.uk/vol1/fastq/SRR967/001/SRR9671471/SRR9671471_2.fastq.gz							CON28		Metagenome or environmental sample from human gut metagenome		2019-07-12				GENERATED_FILE;GENERATED_FILE		
SRR9671470	PRJNA554111	SRP214293	SAMN12256099	SRS5086767	SRX6431972	SRA919997	408170	human gut metagenome	ILLUMINA	Illumina MiSeq	L-72		PAIRED	OTHER	METAGENOMIC	other	44698	26908196	SUB5937627	2019-07-12	2019-07-12	Illumina MiSeq sequencing: fece72	The raw reads of gut Microbiota in Patients with Alzheimer's Disease and normal people	PRJNA554111	L-72	raw.split.CON29.1.fq	4082272;5975027	870dd7626a7979ddfebd7a9aa8c6bc7a;9f507eac22cbc9118666a52e9b8c8265	ftp.sra.ebi.ac.uk/vol1/fastq/SRR967/000/SRR9671470/SRR9671470_1.fastq.gz;ftp.sra.ebi.ac.uk/vol1/fastq/SRR967/000/SRR9671470/SRR9671470_2.fastq.gz	fasp.sra.ebi.ac.uk:/vol1/fastq/SRR967/000/SRR9671470/SRR9671470_1.fastq.gz;fasp.sra.ebi.ac.uk:/vol1/fastq/SRR967/000/SRR9671470/SRR9671470_2.fastq.gz	ftp.sra.ebi.ac.uk/vol1/fastq/SRR967/000/SRR9671470/SRR9671470_1.fastq.gz;ftp.sra.ebi.ac.uk/vol1/fastq/SRR967/000/SRR9671470/SRR9671470_2.fastq.gz							CON29		Metagenome or environmental sample from human gut metagenome		2019-07-12				GENERATED_FILE;GENERATED_FILE		
SRR9671472	PRJNA554111	SRP214293	SAMN12256101	SRS5086765	SRX6431970	SRA919997	408170	human gut metagenome	ILLUMINA	Illumina MiSeq	L-74		PAIRED	OTHER	METAGENOMIC	other	38703	23299206	SUB5937627	2019-07-12	2019-07-12	Illumina MiSeq sequencing: fece74	The raw reads of gut Microbiota in Patients with Alzheimer's Disease and normal people	PRJNA554111	L-74	raw.split.CON31.1.fq	3507369;4948023	dbf900e3af97f7f2a7873dae9e3fb58c;e8da4417d055dd8ed8a0a26f0b3c092b	ftp.sra.ebi.ac.uk/vol1/fastq/SRR967/002/SRR9671472/SRR9671472_1.fastq.gz;ftp.sra.ebi.ac.uk/vol1/fastq/SRR967/002/SRR9671472/SRR9671472_2.fastq.gz	fasp.sra.ebi.ac.uk:/vol1/fastq/SRR967/002/SRR9671472/SRR9671472_1.fastq.gz;fasp.sra.ebi.ac.uk:/vol1/fastq/SRR967/002/SRR9671472/SRR9671472_2.fastq.gz	ftp.sra.ebi.ac.uk/vol1/fastq/SRR967/002/SRR9671472/SRR9671472_1.fastq.gz;ftp.sra.ebi.ac.uk/vol1/fastq/SRR967/002/SRR9671472/SRR9671472_2.fastq.gz							CON31		Metagenome or environmental sample from human gut metagenome		2019-07-12				GENERATED_FILE;GENERATED_FILE		
SRR9671499	PRJNA554111	SRP214293	SAMN12256028	SRS5086738	SRX6431943	SRA919997	408170	human gut metagenome	ILLUMINA	Illumina MiSeq	L-1		PAIRED	OTHER	METAGENOMIC	other	31215	18791430	SUB5937627	2019-07-12	2019-07-12	Illumina MiSeq sequencing: fece1	The raw reads of gut Microbiota in Patients with Alzheimer's Disease and normal people	PRJNA554111	L-1	raw.split.AD1.1.fq	2886552;3979353	7e7ef7f8570b77a81efb2b00004fd90c;5534e7ebf53cb6094dd5ec7257617366	ftp.sra.ebi.ac.uk/vol1/fastq/SRR967/009/SRR9671499/SRR9671499_1.fastq.gz;ftp.sra.ebi.ac.uk/vol1/fastq/SRR967/009/SRR9671499/SRR9671499_2.fastq.gz	fasp.sra.ebi.ac.uk:/vol1/fastq/SRR967/009/SRR9671499/SRR9671499_1.fastq.gz;fasp.sra.ebi.ac.uk:/vol1/fastq/SRR967/009/SRR9671499/SRR9671499_2.fastq.gz	ftp.sra.ebi.ac.uk/vol1/fastq/SRR967/009/SRR9671499/SRR9671499_1.fastq.gz;ftp.sra.ebi.ac.uk/vol1/fastq/SRR967/009/SRR9671499/SRR9671499_2.fastq.gz							AD1		Metagenome or environmental sample from human gut metagenome		2019-07-12				GENERATED_FILE;GENERATED_FILE		
SRR9671473	PRJNA554111	SRP214293	SAMN12256100	SRS5086764	SRX6431969	SRA919997	408170	human gut metagenome	ILLUMINA	Illumina MiSeq	L-73		PAIRED	OTHER	METAGENOMIC	other	39502	23780204	SUB5937627	2019-07-12	2019-07-12	Illumina MiSeq sequencing: fece73	The raw reads of gut Microbiota in Patients with Alzheimer's Disease and normal people	PRJNA554111	L-73	raw.split.CON30.1.fq	3650149;5107489	c709085bea33ce8e161d533a1974d117;9ac344f0c448e0ed9b5f9aa8b92b61ef	ftp.sra.ebi.ac.uk/vol1/fastq/SRR967/003/SRR9671473/SRR9671473_1.fastq.gz;ftp.sra.ebi.ac.uk/vol1/fastq/SRR967/003/SRR9671473/SRR9671473_2.fastq.gz	fasp.sra.ebi.ac.uk:/vol1/fastq/SRR967/003/SRR9671473/SRR9671473_1.fastq.gz;fasp.sra.ebi.ac.uk:/vol1/fastq/SRR967/003/SRR9671473/SRR9671473_2.fastq.gz	ftp.sra.ebi.ac.uk/vol1/fastq/SRR967/003/SRR9671473/SRR9671473_1.fastq.gz;ftp.sra.ebi.ac.uk/vol1/fastq/SRR967/003/SRR9671473/SRR9671473_2.fastq.gz							CON30		Metagenome or environmental sample from human gut metagenome		2019-07-12				GENERATED_FILE;GENERATED_FILE		
SRR9671503	PRJNA554111	SRP214293	SAMN12256032	SRS5086734	SRX6431939	SRA919997	408170	human gut metagenome	ILLUMINA	Illumina MiSeq	L-5		PAIRED	OTHER	METAGENOMIC	other	32776	19731152	SUB5937627	2019-07-12	2019-07-12	Illumina MiSeq sequencing: fece5	The raw reads of gut Microbiota in Patients with Alzheimer's Disease and normal people	PRJNA554111	L-5	raw.split.AD5.1.fq	3080097;4341987	99e4c36cf6c9e9a6abf86d12da65bedf;3e98cf10a36dc1e64dc0dda890dcf7bf	ftp.sra.ebi.ac.uk/vol1/fastq/SRR967/003/SRR9671503/SRR9671503_1.fastq.gz;ftp.sra.ebi.ac.uk/vol1/fastq/SRR967/003/SRR9671503/SRR9671503_2.fastq.gz	fasp.sra.ebi.ac.uk:/vol1/fastq/SRR967/003/SRR9671503/SRR9671503_1.fastq.gz;fasp.sra.ebi.ac.uk:/vol1/fastq/SRR967/003/SRR9671503/SRR9671503_2.fastq.gz	ftp.sra.ebi.ac.uk/vol1/fastq/SRR967/003/SRR9671503/SRR9671503_1.fastq.gz;ftp.sra.ebi.ac.uk/vol1/fastq/SRR967/003/SRR9671503/SRR9671503_2.fastq.gz							AD5		Metagenome or environmental sample from human gut metagenome		2019-07-12				GENERATED_FILE;GENERATED_FILE		
SRR9671476	PRJNA554111	SRP214293	SAMN12256094	SRS5086761	SRX6431966	SRA919997	408170	human gut metagenome	ILLUMINA	Illumina MiSeq	L-67		PAIRED	OTHER	METAGENOMIC	other	38090	22930180	SUB5937627	2019-07-12	2019-07-12	Illumina MiSeq sequencing: fece67	The raw reads of gut Microbiota in Patients with Alzheimer's Disease and normal people	PRJNA554111	L-67	raw.split.CON24.1.fq	3613808;4857086	0553508f486c1176e3a614731bfd9767;2c7bf72cdae8a0ecb358c6819972bbe1	ftp.sra.ebi.ac.uk/vol1/fastq/SRR967/006/SRR9671476/SRR9671476_1.fastq.gz;ftp.sra.ebi.ac.uk/vol1/fastq/SRR967/006/SRR9671476/SRR9671476_2.fastq.gz	fasp.sra.ebi.ac.uk:/vol1/fastq/SRR967/006/SRR9671476/SRR9671476_1.fastq.gz;fasp.sra.ebi.ac.uk:/vol1/fastq/SRR967/006/SRR9671476/SRR9671476_2.fastq.gz	ftp.sra.ebi.ac.uk/vol1/fastq/SRR967/006/SRR9671476/SRR9671476_1.fastq.gz;ftp.sra.ebi.ac.uk/vol1/fastq/SRR967/006/SRR9671476/SRR9671476_2.fastq.gz							CON24		Metagenome or environmental sample from human gut metagenome		2019-07-12				GENERATED_FILE;GENERATED_FILE		
SRR9671505	PRJNA554111	SRP214293	SAMN12256034	SRS5086732	SRX6431937	SRA919997	408170	human gut metagenome	ILLUMINA	Illumina MiSeq	L-7		PAIRED	OTHER	METAGENOMIC	other	32796	19743192	SUB5937627	2019-07-12	2019-07-12	Illumina MiSeq sequencing: fece7	The raw reads of gut Microbiota in Patients with Alzheimer's Disease and normal people	PRJNA554111	L-7	raw.split.AD7.1.fq	2920597;4219936	4371ac3b744760cb80cf9e35af35cc04;cd32ca00b412112cf0ca43383dc9619f	ftp.sra.ebi.ac.uk/vol1/fastq/SRR967/005/SRR9671505/SRR9671505_1.fastq.gz;ftp.sra.ebi.ac.uk/vol1/fastq/SRR967/005/SRR9671505/SRR9671505_2.fastq.gz	fasp.sra.ebi.ac.uk:/vol1/fastq/SRR967/005/SRR9671505/SRR9671505_1.fastq.gz;fasp.sra.ebi.ac.uk:/vol1/fastq/SRR967/005/SRR9671505/SRR9671505_2.fastq.gz	ftp.sra.ebi.ac.uk/vol1/fastq/SRR967/005/SRR9671505/SRR9671505_1.fastq.gz;ftp.sra.ebi.ac.uk/vol1/fastq/SRR967/005/SRR9671505/SRR9671505_2.fastq.gz							AD7		Metagenome or environmental sample from human gut metagenome		2019-07-12				GENERATED_FILE;GENERATED_FILE		
SRR9671475	PRJNA554111	SRP214293	SAMN12256106	SRS5086762	SRX6431967	SRA919997	408170	human gut metagenome	ILLUMINA	Illumina MiSeq	L-79		PAIRED	OTHER	METAGENOMIC	other	37808	22760416	SUB5937627	2019-07-12	2019-07-12	Illumina MiSeq sequencing: fece79	The raw reads of gut Microbiota in Patients with Alzheimer's Disease and normal people	PRJNA554111	L-79	raw.split.CON36.1.fq	3534551;5015033	d82448a0488279eb9ccf525899e1a4c8;44f902b5209747597f0e0588edd7099c	ftp.sra.ebi.ac.uk/vol1/fastq/SRR967/005/SRR9671475/SRR9671475_1.fastq.gz;ftp.sra.ebi.ac.uk/vol1/fastq/SRR967/005/SRR9671475/SRR9671475_2.fastq.gz	fasp.sra.ebi.ac.uk:/vol1/fastq/SRR967/005/SRR9671475/SRR9671475_1.fastq.gz;fasp.sra.ebi.ac.uk:/vol1/fastq/SRR967/005/SRR9671475/SRR9671475_2.fastq.gz	ftp.sra.ebi.ac.uk/vol1/fastq/SRR967/005/SRR9671475/SRR9671475_1.fastq.gz;ftp.sra.ebi.ac.uk/vol1/fastq/SRR967/005/SRR9671475/SRR9671475_2.fastq.gz							CON36		Metagenome or environmental sample from human gut metagenome		2019-07-12				GENERATED_FILE;GENERATED_FILE		
SRR9671479	PRJNA554111	SRP214293	SAMN12256093	SRS5086758	SRX6431963	SRA919997	408170	human gut metagenome	ILLUMINA	Illumina MiSeq	L-66		PAIRED	OTHER	METAGENOMIC	other	34860	20985720	SUB5937627	2019-07-12	2019-07-12	Illumina MiSeq sequencing: fece66	The raw reads of gut Microbiota in Patients with Alzheimer's Disease and normal people	PRJNA554111	L-66	raw.split.CON23.1.fq	3193308;4513110	7a748806b5b3e539f0e0bac6ca932779;621fb3fdac59dcfbab8be78e48c2e4ac	ftp.sra.ebi.ac.uk/vol1/fastq/SRR967/009/SRR9671479/SRR9671479_1.fastq.gz;ftp.sra.ebi.ac.uk/vol1/fastq/SRR967/009/SRR9671479/SRR9671479_2.fastq.gz	fasp.sra.ebi.ac.uk:/vol1/fastq/SRR967/009/SRR9671479/SRR9671479_1.fastq.gz;fasp.sra.ebi.ac.uk:/vol1/fastq/SRR967/009/SRR9671479/SRR9671479_2.fastq.gz	ftp.sra.ebi.ac.uk/vol1/fastq/SRR967/009/SRR9671479/SRR9671479_1.fastq.gz;ftp.sra.ebi.ac.uk/vol1/fastq/SRR967/009/SRR9671479/SRR9671479_2.fastq.gz							CON23		Metagenome or environmental sample from human gut metagenome		2019-07-12				GENERATED_FILE;GENERATED_FILE		
SRR9671506	PRJNA554111	SRP214293	SAMN12256112	SRS5086731	SRX6431936	SRA919997	408170	human gut metagenome	ILLUMINA	Illumina MiSeq	L-85		PAIRED	OTHER	METAGENOMIC	other	38271	23039142	SUB5937627	2019-07-12	2019-07-12	Illumina MiSeq sequencing: fece85	The raw reads of gut Microbiota in Patients with Alzheimer's Disease and normal people	PRJNA554111	L-85	raw.split.CON42.1.fq	3400258;4940437	4e118ad78846feea2994d83347f1f889;b3262958cf39210261ff39aa12652e56	ftp.sra.ebi.ac.uk/vol1/fastq/SRR967/006/SRR9671506/SRR9671506_1.fastq.gz;ftp.sra.ebi.ac.uk/vol1/fastq/SRR967/006/SRR9671506/SRR9671506_2.fastq.gz	fasp.sra.ebi.ac.uk:/vol1/fastq/SRR967/006/SRR9671506/SRR9671506_1.fastq.gz;fasp.sra.ebi.ac.uk:/vol1/fastq/SRR967/006/SRR9671506/SRR9671506_2.fastq.gz	ftp.sra.ebi.ac.uk/vol1/fastq/SRR967/006/SRR9671506/SRR9671506_1.fastq.gz;ftp.sra.ebi.ac.uk/vol1/fastq/SRR967/006/SRR9671506/SRR9671506_2.fastq.gz							CON42		Metagenome or environmental sample from human gut metagenome		2019-07-12				GENERATED_FILE;GENERATED_FILE		
SRR9671481	PRJNA554111	SRP214293	SAMN12256091	SRS5086756	SRX6431961	SRA919997	408170	human gut metagenome	ILLUMINA	Illumina MiSeq	L-64		PAIRED	OTHER	METAGENOMIC	other	44551	26819702	SUB5937627	2019-07-12	2019-07-12	Illumina MiSeq sequencing: fece64	The raw reads of gut Microbiota in Patients with Alzheimer's Disease and normal people	PRJNA554111	L-64	raw.split.CON21.1.fq	3954297;5570617	d1c21147eb52b932db46322ba7d4ae70;7f6a65794b16410ce94a2ec8b751a0d0	ftp.sra.ebi.ac.uk/vol1/fastq/SRR967/001/SRR9671481/SRR9671481_1.fastq.gz;ftp.sra.ebi.ac.uk/vol1/fastq/SRR967/001/SRR9671481/SRR9671481_2.fastq.gz	fasp.sra.ebi.ac.uk:/vol1/fastq/SRR967/001/SRR9671481/SRR9671481_1.fastq.gz;fasp.sra.ebi.ac.uk:/vol1/fastq/SRR967/001/SRR9671481/SRR9671481_2.fastq.gz	ftp.sra.ebi.ac.uk/vol1/fastq/SRR967/001/SRR9671481/SRR9671481_1.fastq.gz;ftp.sra.ebi.ac.uk/vol1/fastq/SRR967/001/SRR9671481/SRR9671481_2.fastq.gz							CON21		Metagenome or environmental sample from human gut metagenome		2019-07-12				GENERATED_FILE;GENERATED_FILE		
SRR9671484	PRJNA554111	SRP214293	SAMN12256096	SRS5086753	SRX6431958	SRA919997	408170	human gut metagenome	ILLUMINA	Illumina MiSeq	L-69		PAIRED	OTHER	METAGENOMIC	other	32333	19464466	SUB5937627	2019-07-12	2019-07-12	Illumina MiSeq sequencing: fece69	The raw reads of gut Microbiota in Patients with Alzheimer's Disease and normal people	PRJNA554111	L-69	raw.split.CON26.1.fq	2645963;3821621	9b75798109df86c4d852fe4ee63d8554;537866023a3be397c3035fa8b518aaac	ftp.sra.ebi.ac.uk/vol1/fastq/SRR967/004/SRR9671484/SRR9671484_1.fastq.gz;ftp.sra.ebi.ac.uk/vol1/fastq/SRR967/004/SRR9671484/SRR9671484_2.fastq.gz	fasp.sra.ebi.ac.uk:/vol1/fastq/SRR967/004/SRR9671484/SRR9671484_1.fastq.gz;fasp.sra.ebi.ac.uk:/vol1/fastq/SRR967/004/SRR9671484/SRR9671484_2.fastq.gz	ftp.sra.ebi.ac.uk/vol1/fastq/SRR967/004/SRR9671484/SRR9671484_1.fastq.gz;ftp.sra.ebi.ac.uk/vol1/fastq/SRR967/004/SRR9671484/SRR9671484_2.fastq.gz							CON26		Metagenome or environmental sample from human gut metagenome		2019-07-12				GENERATED_FILE;GENERATED_FILE		
SRR9671507	PRJNA554111	SRP214293	SAMN12256113	SRS5086730	SRX6431935	SRA919997	408170	human gut metagenome	ILLUMINA	Illumina MiSeq	L-86		PAIRED	OTHER	METAGENOMIC	other	39265	23637530	SUB5937627	2019-07-12	2019-07-12	Illumina MiSeq sequencing: fece86	The raw reads of gut Microbiota in Patients with Alzheimer's Disease and normal people	PRJNA554111	L-86	raw.split.CON43.1.fq	3729007;5171684	f97f992ffe241b58c99a5a1589474925;8f60c4f2d99e345287e59acca3fc4ea7	ftp.sra.ebi.ac.uk/vol1/fastq/SRR967/007/SRR9671507/SRR9671507_1.fastq.gz;ftp.sra.ebi.ac.uk/vol1/fastq/SRR967/007/SRR9671507/SRR9671507_2.fastq.gz	fasp.sra.ebi.ac.uk:/vol1/fastq/SRR967/007/SRR9671507/SRR9671507_1.fastq.gz;fasp.sra.ebi.ac.uk:/vol1/fastq/SRR967/007/SRR9671507/SRR9671507_2.fastq.gz	ftp.sra.ebi.ac.uk/vol1/fastq/SRR967/007/SRR9671507/SRR9671507_1.fastq.gz;ftp.sra.ebi.ac.uk/vol1/fastq/SRR967/007/SRR9671507/SRR9671507_2.fastq.gz							CON43		Metagenome or environmental sample from human gut metagenome		2019-07-12				GENERATED_FILE;GENERATED_FILE		
SRR9671485	PRJNA554111	SRP214293	SAMN12256097	SRS5086752	SRX6431957	SRA919997	408170	human gut metagenome	ILLUMINA	Illumina MiSeq	L-70		PAIRED	OTHER	METAGENOMIC	other	38089	22929578	SUB5937627	2019-07-12	2019-07-12	Illumina MiSeq sequencing: fece70	The raw reads of gut Microbiota in Patients with Alzheimer's Disease and normal people	PRJNA554111	L-70	raw.split.CON27.1.fq	3484936;4886032	29efa50ac306434f3fc52ade2116eb33;00ed1f09886317480791721524a68893	ftp.sra.ebi.ac.uk/vol1/fastq/SRR967/005/SRR9671485/SRR9671485_1.fastq.gz;ftp.sra.ebi.ac.uk/vol1/fastq/SRR967/005/SRR9671485/SRR9671485_2.fastq.gz	fasp.sra.ebi.ac.uk:/vol1/fastq/SRR967/005/SRR9671485/SRR9671485_1.fastq.gz;fasp.sra.ebi.ac.uk:/vol1/fastq/SRR967/005/SRR9671485/SRR9671485_2.fastq.gz	ftp.sra.ebi.ac.uk/vol1/fastq/SRR967/005/SRR9671485/SRR9671485_1.fastq.gz;ftp.sra.ebi.ac.uk/vol1/fastq/SRR967/005/SRR9671485/SRR9671485_2.fastq.gz							CON27		Metagenome or environmental sample from human gut metagenome		2019-07-12				GENERATED_FILE;GENERATED_FILE		
SRR9671486	PRJNA554111	SRP214293	SAMN12256041	SRS5086751	SRX6431956	SRA919997	408170	human gut metagenome	ILLUMINA	Illumina MiSeq	L-14		PAIRED	OTHER	METAGENOMIC	other	40688	24494176	SUB5937627	2019-07-12	2019-07-12	Illumina MiSeq sequencing: fece14	The raw reads of gut Microbiota in Patients with Alzheimer's Disease and normal people	PRJNA554111	L-14	raw.split.AD14.1.fq	3512055;5193454	e29af5aac0f73118502983d14b25a77b;c5d3bb1e57269837628e69fdc770ea8e	ftp.sra.ebi.ac.uk/vol1/fastq/SRR967/006/SRR9671486/SRR9671486_1.fastq.gz;ftp.sra.ebi.ac.uk/vol1/fastq/SRR967/006/SRR9671486/SRR9671486_2.fastq.gz	fasp.sra.ebi.ac.uk:/vol1/fastq/SRR967/006/SRR9671486/SRR9671486_1.fastq.gz;fasp.sra.ebi.ac.uk:/vol1/fastq/SRR967/006/SRR9671486/SRR9671486_2.fastq.gz	ftp.sra.ebi.ac.uk/vol1/fastq/SRR967/006/SRR9671486/SRR9671486_1.fastq.gz;ftp.sra.ebi.ac.uk/vol1/fastq/SRR967/006/SRR9671486/SRR9671486_2.fastq.gz							AD14		Metagenome or environmental sample from human gut metagenome		2019-07-12				GENERATED_FILE;GENERATED_FILE		
SRR9671493	PRJNA554111	SRP214293	SAMN12256042	SRS5086744	SRX6431949	SRA919997	408170	human gut metagenome	ILLUMINA	Illumina MiSeq	L-15		PAIRED	OTHER	METAGENOMIC	other	44550	26819100	SUB5937627	2019-07-12	2019-07-12	Illumina MiSeq sequencing: fece15	The raw reads of gut Microbiota in Patients with Alzheimer's Disease and normal people	PRJNA554111	L-15	raw.split.AD15.1.fq	3772735;5502908	56fd4fb922f53f593cddfc0bb2c0f8cc;2300897c5b447ed627dd176466b993e4	ftp.sra.ebi.ac.uk/vol1/fastq/SRR967/003/SRR9671493/SRR9671493_1.fastq.gz;ftp.sra.ebi.ac.uk/vol1/fastq/SRR967/003/SRR9671493/SRR9671493_2.fastq.gz	fasp.sra.ebi.ac.uk:/vol1/fastq/SRR967/003/SRR9671493/SRR9671493_1.fastq.gz;fasp.sra.ebi.ac.uk:/vol1/fastq/SRR967/003/SRR9671493/SRR9671493_2.fastq.gz	ftp.sra.ebi.ac.uk/vol1/fastq/SRR967/003/SRR9671493/SRR9671493_1.fastq.gz;ftp.sra.ebi.ac.uk/vol1/fastq/SRR967/003/SRR9671493/SRR9671493_2.fastq.gz							AD15		Metagenome or environmental sample from human gut metagenome		2019-07-12				GENERATED_FILE;GENERATED_FILE		
SRR9671508	PRJNA554111	SRP214293	SAMN12256108	SRS5086729	SRX6431934	SRA919997	408170	human gut metagenome	ILLUMINA	Illumina MiSeq	L-81		PAIRED	OTHER	METAGENOMIC	other	39917	24030034	SUB5937627	2019-07-12	2019-07-12	Illumina MiSeq sequencing: fece81	The raw reads of gut Microbiota in Patients with Alzheimer's Disease and normal people	PRJNA554111	L-81	raw.split.CON38.1.fq	3399384;4906302	367b2fb880c363d7c593855df68001ad;6bf8351d6f0797762a099cd7481b7906	ftp.sra.ebi.ac.uk/vol1/fastq/SRR967/008/SRR9671508/SRR9671508_1.fastq.gz;ftp.sra.ebi.ac.uk/vol1/fastq/SRR967/008/SRR9671508/SRR9671508_2.fastq.gz	fasp.sra.ebi.ac.uk:/vol1/fastq/SRR967/008/SRR9671508/SRR9671508_1.fastq.gz;fasp.sra.ebi.ac.uk:/vol1/fastq/SRR967/008/SRR9671508/SRR9671508_2.fastq.gz	ftp.sra.ebi.ac.uk/vol1/fastq/SRR967/008/SRR9671508/SRR9671508_1.fastq.gz;ftp.sra.ebi.ac.uk/vol1/fastq/SRR967/008/SRR9671508/SRR9671508_2.fastq.gz							CON38		Metagenome or environmental sample from human gut metagenome		2019-07-12				GENERATED_FILE;GENERATED_FILE		
SRR9671487	PRJNA554111	SRP214293	SAMN12256040	SRS5086750	SRX6431955	SRA919997	408170	human gut metagenome	ILLUMINA	Illumina MiSeq	L-13		PAIRED	OTHER	METAGENOMIC	other	30175	18165350	SUB5937627	2019-07-12	2019-07-12	Illumina MiSeq sequencing: fece13	The raw reads of gut Microbiota in Patients with Alzheimer's Disease and normal people	PRJNA554111	L-13	raw.split.AD13.1.fq	2349204;3530299	633078b201da04a74f8603c9600068d2;05add0ee8fc9cb5ad53368ddd7662a88	ftp.sra.ebi.ac.uk/vol1/fastq/SRR967/007/SRR9671487/SRR9671487_1.fastq.gz;ftp.sra.ebi.ac.uk/vol1/fastq/SRR967/007/SRR9671487/SRR9671487_2.fastq.gz	fasp.sra.ebi.ac.uk:/vol1/fastq/SRR967/007/SRR9671487/SRR9671487_1.fastq.gz;fasp.sra.ebi.ac.uk:/vol1/fastq/SRR967/007/SRR9671487/SRR9671487_2.fastq.gz	ftp.sra.ebi.ac.uk/vol1/fastq/SRR967/007/SRR9671487/SRR9671487_1.fastq.gz;ftp.sra.ebi.ac.uk/vol1/fastq/SRR967/007/SRR9671487/SRR9671487_2.fastq.gz							AD13		Metagenome or environmental sample from human gut metagenome		2019-07-12				GENERATED_FILE;GENERATED_FILE		
SRR9671495	PRJNA554111	SRP214293	SAMN12256046	SRS5086742	SRX6431947	SRA919997	408170	human gut metagenome	ILLUMINA	Illumina MiSeq	L-19		PAIRED	OTHER	METAGENOMIC	other	39074	23522548	SUB5937627	2019-07-12	2019-07-12	Illumina MiSeq sequencing: fece19	The raw reads of gut Microbiota in Patients with Alzheimer's Disease and normal people	PRJNA554111	L-19	raw.split.AD19.1.fq	3764333;4944916	c74ddc1a343fdf0d5ec369545d774589;8bd755350f9bf5239c44f8f0f77f2590	ftp.sra.ebi.ac.uk/vol1/fastq/SRR967/005/SRR9671495/SRR9671495_1.fastq.gz;ftp.sra.ebi.ac.uk/vol1/fastq/SRR967/005/SRR9671495/SRR9671495_2.fastq.gz	fasp.sra.ebi.ac.uk:/vol1/fastq/SRR967/005/SRR9671495/SRR9671495_1.fastq.gz;fasp.sra.ebi.ac.uk:/vol1/fastq/SRR967/005/SRR9671495/SRR9671495_2.fastq.gz	ftp.sra.ebi.ac.uk/vol1/fastq/SRR967/005/SRR9671495/SRR9671495_1.fastq.gz;ftp.sra.ebi.ac.uk/vol1/fastq/SRR967/005/SRR9671495/SRR9671495_2.fastq.gz							AD19		Metagenome or environmental sample from human gut metagenome		2019-07-12				GENERATED_FILE;GENERATED_FILE		
SRR9671510	PRJNA554111	SRP214293	SAMN12256110	SRS5086727	SRX6431932	SRA919997	408170	human gut metagenome	ILLUMINA	Illumina MiSeq	L-83		PAIRED	OTHER	METAGENOMIC	other	39878	24006556	SUB5937627	2019-07-12	2019-07-12	Illumina MiSeq sequencing: fece83	The raw reads of gut Microbiota in Patients with Alzheimer's Disease and normal people	PRJNA554111	L-83	raw.split.CON40.1.fq	3741451;5311662	95aa34b1b04a7b19aab12089c60368b8;d0683d0d04794f90a0d5635c80943e07	ftp.sra.ebi.ac.uk/vol1/fastq/SRR967/000/SRR9671510/SRR9671510_1.fastq.gz;ftp.sra.ebi.ac.uk/vol1/fastq/SRR967/000/SRR9671510/SRR9671510_2.fastq.gz	fasp.sra.ebi.ac.uk:/vol1/fastq/SRR967/000/SRR9671510/SRR9671510_1.fastq.gz;fasp.sra.ebi.ac.uk:/vol1/fastq/SRR967/000/SRR9671510/SRR9671510_2.fastq.gz	ftp.sra.ebi.ac.uk/vol1/fastq/SRR967/000/SRR9671510/SRR9671510_1.fastq.gz;ftp.sra.ebi.ac.uk/vol1/fastq/SRR967/000/SRR9671510/SRR9671510_2.fastq.gz							CON40		Metagenome or environmental sample from human gut metagenome		2019-07-12				GENERATED_FILE;GENERATED_FILE		
SRR9671488	PRJNA554111	SRP214293	SAMN12256039	SRS5086749	SRX6431954	SRA919997	408170	human gut metagenome	ILLUMINA	Illumina MiSeq	L-12		PAIRED	OTHER	METAGENOMIC	other	40268	24241336	SUB5937627	2019-07-12	2019-07-12	Illumina MiSeq sequencing: fece12	The raw reads of gut Microbiota in Patients with Alzheimer's Disease and normal people	PRJNA554111	L-12	raw.split.AD12.1.fq	3636484;5017851	a82ba9726c0df9f435861fffabde228b;542e6e9acf11bc7492e8d8ecc811556a	ftp.sra.ebi.ac.uk/vol1/fastq/SRR967/008/SRR9671488/SRR9671488_1.fastq.gz;ftp.sra.ebi.ac.uk/vol1/fastq/SRR967/008/SRR9671488/SRR9671488_2.fastq.gz	fasp.sra.ebi.ac.uk:/vol1/fastq/SRR967/008/SRR9671488/SRR9671488_1.fastq.gz;fasp.sra.ebi.ac.uk:/vol1/fastq/SRR967/008/SRR9671488/SRR9671488_2.fastq.gz	ftp.sra.ebi.ac.uk/vol1/fastq/SRR967/008/SRR9671488/SRR9671488_1.fastq.gz;ftp.sra.ebi.ac.uk/vol1/fastq/SRR967/008/SRR9671488/SRR9671488_2.fastq.gz							AD12		Metagenome or environmental sample from human gut metagenome		2019-07-12				GENERATED_FILE;GENERATED_FILE		
SRR9671498	PRJNA554111	SRP214293	SAMN12256029	SRS5086739	SRX6431944	SRA919997	408170	human gut metagenome	ILLUMINA	Illumina MiSeq	L-2		PAIRED	OTHER	METAGENOMIC	other	42687	25697574	SUB5937627	2019-07-12	2019-07-12	Illumina MiSeq sequencing: fece2	The raw reads of gut Microbiota in Patients with Alzheimer's Disease and normal people	PRJNA554111	L-2	raw.split.AD2.1.fq	3754958;5279927	0b005b594953ba05ea5d43f44ab41e93;1b49dc651fc3385957f4b2063e9f122c	ftp.sra.ebi.ac.uk/vol1/fastq/SRR967/008/SRR9671498/SRR9671498_1.fastq.gz;ftp.sra.ebi.ac.uk/vol1/fastq/SRR967/008/SRR9671498/SRR9671498_2.fastq.gz	fasp.sra.ebi.ac.uk:/vol1/fastq/SRR967/008/SRR9671498/SRR9671498_1.fastq.gz;fasp.sra.ebi.ac.uk:/vol1/fastq/SRR967/008/SRR9671498/SRR9671498_2.fastq.gz	ftp.sra.ebi.ac.uk/vol1/fastq/SRR967/008/SRR9671498/SRR9671498_1.fastq.gz;ftp.sra.ebi.ac.uk/vol1/fastq/SRR967/008/SRR9671498/SRR9671498_2.fastq.gz							AD2		Metagenome or environmental sample from human gut metagenome		2019-07-12				GENERATED_FILE;GENERATED_FILE		
SRR9671511	PRJNA554111	SRP214293	SAMN12256111	SRS5086726	SRX6431931	SRA919997	408170	human gut metagenome	ILLUMINA	Illumina MiSeq	L-84		PAIRED	OTHER	METAGENOMIC	other	30040	18084080	SUB5937627	2019-07-12	2019-07-12	Illumina MiSeq sequencing: fece84	The raw reads of gut Microbiota in Patients with Alzheimer's Disease and normal people	PRJNA554111	L-84	raw.split.CON41.1.fq	2972795;4112784	b2a9895cc314a68debf7e3860d0130cb;fde0085926687eccae89ba035521e117	ftp.sra.ebi.ac.uk/vol1/fastq/SRR967/001/SRR9671511/SRR9671511_1.fastq.gz;ftp.sra.ebi.ac.uk/vol1/fastq/SRR967/001/SRR9671511/SRR9671511_2.fastq.gz	fasp.sra.ebi.ac.uk:/vol1/fastq/SRR967/001/SRR9671511/SRR9671511_1.fastq.gz;fasp.sra.ebi.ac.uk:/vol1/fastq/SRR967/001/SRR9671511/SRR9671511_2.fastq.gz	ftp.sra.ebi.ac.uk/vol1/fastq/SRR967/001/SRR9671511/SRR9671511_1.fastq.gz;ftp.sra.ebi.ac.uk/vol1/fastq/SRR967/001/SRR9671511/SRR9671511_2.fastq.gz							CON41		Metagenome or environmental sample from human gut metagenome		2019-07-12				GENERATED_FILE;GENERATED_FILE		
SRR9671500	PRJNA554111	SRP214293	SAMN12256031	SRS5086737	SRX6431942	SRA919997	408170	human gut metagenome	ILLUMINA	Illumina MiSeq	L-4		PAIRED	OTHER	METAGENOMIC	other	39344	23685088	SUB5937627	2019-07-12	2019-07-12	Illumina MiSeq sequencing: fece4	The raw reads of gut Microbiota in Patients with Alzheimer's Disease and normal people	PRJNA554111	L-4	raw.split.AD4.1.fq	3508087;5338817	7b686150de54e2fac4e3ff9d264a05fa;4a1463bea2af55a9f504660e6e2737f5	ftp.sra.ebi.ac.uk/vol1/fastq/SRR967/000/SRR9671500/SRR9671500_1.fastq.gz;ftp.sra.ebi.ac.uk/vol1/fastq/SRR967/000/SRR9671500/SRR9671500_2.fastq.gz	fasp.sra.ebi.ac.uk:/vol1/fastq/SRR967/000/SRR9671500/SRR9671500_1.fastq.gz;fasp.sra.ebi.ac.uk:/vol1/fastq/SRR967/000/SRR9671500/SRR9671500_2.fastq.gz	ftp.sra.ebi.ac.uk/vol1/fastq/SRR967/000/SRR9671500/SRR9671500_1.fastq.gz;ftp.sra.ebi.ac.uk/vol1/fastq/SRR967/000/SRR9671500/SRR9671500_2.fastq.gz							AD4		Metagenome or environmental sample from human gut metagenome		2019-07-12				GENERATED_FILE;GENERATED_FILE		
SRR9671489	PRJNA554111	SRP214293	SAMN12256038	SRS5086748	SRX6431953	SRA919997	408170	human gut metagenome	ILLUMINA	Illumina MiSeq	L-11		PAIRED	OTHER	METAGENOMIC	other	31665	19062330	SUB5937627	2019-07-12	2019-07-12	Illumina MiSeq sequencing: fece11	The raw reads of gut Microbiota in Patients with Alzheimer's Disease and normal people	PRJNA554111	L-11	raw.split.AD11.1.fq	2944671;4225297	c79a9de4bb935b27be7249b1572d9e92;bb78c45b4bcba8fb9dfd4b2b6af23445	ftp.sra.ebi.ac.uk/vol1/fastq/SRR967/009/SRR9671489/SRR9671489_1.fastq.gz;ftp.sra.ebi.ac.uk/vol1/fastq/SRR967/009/SRR9671489/SRR9671489_2.fastq.gz	fasp.sra.ebi.ac.uk:/vol1/fastq/SRR967/009/SRR9671489/SRR9671489_1.fastq.gz;fasp.sra.ebi.ac.uk:/vol1/fastq/SRR967/009/SRR9671489/SRR9671489_2.fastq.gz	ftp.sra.ebi.ac.uk/vol1/fastq/SRR967/009/SRR9671489/SRR9671489_1.fastq.gz;ftp.sra.ebi.ac.uk/vol1/fastq/SRR967/009/SRR9671489/SRR9671489_2.fastq.gz							AD11		Metagenome or environmental sample from human gut metagenome		2019-07-12				GENERATED_FILE;GENERATED_FILE		
SRR9671514	PRJNA554111	SRP214293	SAMN12256059	SRS5086723	SRX6431928	SRA919997	408170	human gut metagenome	ILLUMINA	Illumina MiSeq	L-32		PAIRED	OTHER	METAGENOMIC	other	33428	20123656	SUB5937627	2019-07-12	2019-07-12	Illumina MiSeq sequencing: fece32	The raw reads of gut Microbiota in Patients with Alzheimer's Disease and normal people	PRJNA554111	L-32	raw.split.AD32.1.fq	3319447;4632910	765fb5a0f4c386963f478072b69b36e2;dca0dab0bf3d365221f2de48cdb28dbd	ftp.sra.ebi.ac.uk/vol1/fastq/SRR967/004/SRR9671514/SRR9671514_1.fastq.gz;ftp.sra.ebi.ac.uk/vol1/fastq/SRR967/004/SRR9671514/SRR9671514_2.fastq.gz	fasp.sra.ebi.ac.uk:/vol1/fastq/SRR967/004/SRR9671514/SRR9671514_1.fastq.gz;fasp.sra.ebi.ac.uk:/vol1/fastq/SRR967/004/SRR9671514/SRR9671514_2.fastq.gz	ftp.sra.ebi.ac.uk/vol1/fastq/SRR967/004/SRR9671514/SRR9671514_1.fastq.gz;ftp.sra.ebi.ac.uk/vol1/fastq/SRR967/004/SRR9671514/SRR9671514_2.fastq.gz							AD32		Metagenome or environmental sample from human gut metagenome		2019-07-12				GENERATED_FILE;GENERATED_FILE		
SRR9671502	PRJNA554111	SRP214293	SAMN12256033	SRS5086735	SRX6431940	SRA919997	408170	human gut metagenome	ILLUMINA	Illumina MiSeq	L-6		PAIRED	OTHER	METAGENOMIC	other	32905	19808810	SUB5937627	2019-07-12	2019-07-12	Illumina MiSeq sequencing: fece6	The raw reads of gut Microbiota in Patients with Alzheimer's Disease and normal people	PRJNA554111	L-6	raw.split.AD6.1.fq	3109209;4232404	2f370b7b31f8c839f49c99f5996214bb;ec4fafffc842a8d171d3e51ca14acbfb	ftp.sra.ebi.ac.uk/vol1/fastq/SRR967/002/SRR9671502/SRR9671502_1.fastq.gz;ftp.sra.ebi.ac.uk/vol1/fastq/SRR967/002/SRR9671502/SRR9671502_2.fastq.gz	fasp.sra.ebi.ac.uk:/vol1/fastq/SRR967/002/SRR9671502/SRR9671502_1.fastq.gz;fasp.sra.ebi.ac.uk:/vol1/fastq/SRR967/002/SRR9671502/SRR9671502_2.fastq.gz	ftp.sra.ebi.ac.uk/vol1/fastq/SRR967/002/SRR9671502/SRR9671502_1.fastq.gz;ftp.sra.ebi.ac.uk/vol1/fastq/SRR967/002/SRR9671502/SRR9671502_2.fastq.gz							AD6		Metagenome or environmental sample from human gut metagenome		2019-07-12				GENERATED_FILE;GENERATED_FILE		
SRR9671491	PRJNA554111	SRP214293	SAMN12256044	SRS5086746	SRX6431951	SRA919997	408170	human gut metagenome	ILLUMINA	Illumina MiSeq	L-17		PAIRED	OTHER	METAGENOMIC	other	42983	25875766	SUB5937627	2019-07-12	2019-07-12	Illumina MiSeq sequencing: fece17	The raw reads of gut Microbiota in Patients with Alzheimer's Disease and normal people	PRJNA554111	L-17	raw.split.AD17.1.fq	4047012;5533973	edd913651f30114ecc3c03e7d74f633b;228de3c2942d576ce3e6a586c273e5fc	ftp.sra.ebi.ac.uk/vol1/fastq/SRR967/001/SRR9671491/SRR9671491_1.fastq.gz;ftp.sra.ebi.ac.uk/vol1/fastq/SRR967/001/SRR9671491/SRR9671491_2.fastq.gz	fasp.sra.ebi.ac.uk:/vol1/fastq/SRR967/001/SRR9671491/SRR9671491_1.fastq.gz;fasp.sra.ebi.ac.uk:/vol1/fastq/SRR967/001/SRR9671491/SRR9671491_2.fastq.gz	ftp.sra.ebi.ac.uk/vol1/fastq/SRR967/001/SRR9671491/SRR9671491_1.fastq.gz;ftp.sra.ebi.ac.uk/vol1/fastq/SRR967/001/SRR9671491/SRR9671491_2.fastq.gz							AD17		Metagenome or environmental sample from human gut metagenome		2019-07-12				GENERATED_FILE;GENERATED_FILE		
SRR9671516	PRJNA554111	SRP214293	SAMN12256061	SRS5086721	SRX6431926	SRA919997	408170	human gut metagenome	ILLUMINA	Illumina MiSeq	L-34		PAIRED	OTHER	METAGENOMIC	other	34528	20785856	SUB5937627	2019-07-12	2019-07-12	Illumina MiSeq sequencing: fece34	The raw reads of gut Microbiota in Patients with Alzheimer's Disease and normal people	PRJNA554111	L-34	raw.split.AD34.1.fq	3047187;4305206	adc8f96c5378a959e97024205a08daab;dbe959ee8104313834f3125ba3cc537f	ftp.sra.ebi.ac.uk/vol1/fastq/SRR967/006/SRR9671516/SRR9671516_1.fastq.gz;ftp.sra.ebi.ac.uk/vol1/fastq/SRR967/006/SRR9671516/SRR9671516_2.fastq.gz	fasp.sra.ebi.ac.uk:/vol1/fastq/SRR967/006/SRR9671516/SRR9671516_1.fastq.gz;fasp.sra.ebi.ac.uk:/vol1/fastq/SRR967/006/SRR9671516/SRR9671516_2.fastq.gz	ftp.sra.ebi.ac.uk/vol1/fastq/SRR967/006/SRR9671516/SRR9671516_1.fastq.gz;ftp.sra.ebi.ac.uk/vol1/fastq/SRR967/006/SRR9671516/SRR9671516_2.fastq.gz							AD34		Metagenome or environmental sample from human gut metagenome		2019-07-12				GENERATED_FILE;GENERATED_FILE		
SRR9671504	PRJNA554111	SRP214293	SAMN12256035	SRS5086733	SRX6431938	SRA919997	408170	human gut metagenome	ILLUMINA	Illumina MiSeq	L-8		PAIRED	OTHER	METAGENOMIC	other	42466	25564532	SUB5937627	2019-07-12	2019-07-12	Illumina MiSeq sequencing: fece8	The raw reads of gut Microbiota in Patients with Alzheimer's Disease and normal people	PRJNA554111	L-8	raw.split.AD8.1.fq	3698605;5619949	6fae2818d050c629b446bfbab66c6574;87c6277e7b951662344c47efdfa1df57	ftp.sra.ebi.ac.uk/vol1/fastq/SRR967/004/SRR9671504/SRR9671504_1.fastq.gz;ftp.sra.ebi.ac.uk/vol1/fastq/SRR967/004/SRR9671504/SRR9671504_2.fastq.gz	fasp.sra.ebi.ac.uk:/vol1/fastq/SRR967/004/SRR9671504/SRR9671504_1.fastq.gz;fasp.sra.ebi.ac.uk:/vol1/fastq/SRR967/004/SRR9671504/SRR9671504_2.fastq.gz	ftp.sra.ebi.ac.uk/vol1/fastq/SRR967/004/SRR9671504/SRR9671504_1.fastq.gz;ftp.sra.ebi.ac.uk/vol1/fastq/SRR967/004/SRR9671504/SRR9671504_2.fastq.gz							AD8		Metagenome or environmental sample from human gut metagenome		2019-07-12				GENERATED_FILE;GENERATED_FILE		
SRR9671492	PRJNA554111	SRP214293	SAMN12256043	SRS5086745	SRX6431950	SRA919997	408170	human gut metagenome	ILLUMINA	Illumina MiSeq	L-16		PAIRED	OTHER	METAGENOMIC	other	31522	18976244	SUB5937627	2019-07-12	2019-07-12	Illumina MiSeq sequencing: fece16	The raw reads of gut Microbiota in Patients with Alzheimer's Disease and normal people	PRJNA554111	L-16	raw.split.AD16.1.fq	2869070;4089743	e82eba1ecd164e29327ccdd1916f4fdb;3bf0ad110fc1e44fd1a36b266019afc9	ftp.sra.ebi.ac.uk/vol1/fastq/SRR967/002/SRR9671492/SRR9671492_1.fastq.gz;ftp.sra.ebi.ac.uk/vol1/fastq/SRR967/002/SRR9671492/SRR9671492_2.fastq.gz	fasp.sra.ebi.ac.uk:/vol1/fastq/SRR967/002/SRR9671492/SRR9671492_1.fastq.gz;fasp.sra.ebi.ac.uk:/vol1/fastq/SRR967/002/SRR9671492/SRR9671492_2.fastq.gz	ftp.sra.ebi.ac.uk/vol1/fastq/SRR967/002/SRR9671492/SRR9671492_1.fastq.gz;ftp.sra.ebi.ac.uk/vol1/fastq/SRR967/002/SRR9671492/SRR9671492_2.fastq.gz							AD16		Metagenome or environmental sample from human gut metagenome		2019-07-12				GENERATED_FILE;GENERATED_FILE		
SRR9671520	PRJNA554111	SRP214293	SAMN12256065	SRS5086717	SRX6431922	SRA919997	408170	human gut metagenome	ILLUMINA	Illumina MiSeq	L-38		PAIRED	OTHER	METAGENOMIC	other	34678	20876156	SUB5937627	2019-07-12	2019-07-12	Illumina MiSeq sequencing: fece38	The raw reads of gut Microbiota in Patients with Alzheimer's Disease and normal people	PRJNA554111	L-38	raw.split.AD38.1.fq	3195018;4505189	3eb53783308aa2961bcbd44656ee3530;8efb3372efe67322e35cb68e29a53eb8	ftp.sra.ebi.ac.uk/vol1/fastq/SRR967/000/SRR9671520/SRR9671520_1.fastq.gz;ftp.sra.ebi.ac.uk/vol1/fastq/SRR967/000/SRR9671520/SRR9671520_2.fastq.gz	fasp.sra.ebi.ac.uk:/vol1/fastq/SRR967/000/SRR9671520/SRR9671520_1.fastq.gz;fasp.sra.ebi.ac.uk:/vol1/fastq/SRR967/000/SRR9671520/SRR9671520_2.fastq.gz	ftp.sra.ebi.ac.uk/vol1/fastq/SRR967/000/SRR9671520/SRR9671520_1.fastq.gz;ftp.sra.ebi.ac.uk/vol1/fastq/SRR967/000/SRR9671520/SRR9671520_2.fastq.gz							AD38		Metagenome or environmental sample from human gut metagenome		2019-07-12				GENERATED_FILE;GENERATED_FILE		
SRR9671519	PRJNA554111	SRP214293	SAMN12256062	SRS5086718	SRX6431923	SRA919997	408170	human gut metagenome	ILLUMINA	Illumina MiSeq	L-35		PAIRED	OTHER	METAGENOMIC	other	35592	21426384	SUB5937627	2019-07-12	2019-07-12	Illumina MiSeq sequencing: fece35	The raw reads of gut Microbiota in Patients with Alzheimer's Disease and normal people	PRJNA554111	L-35	raw.split.AD35.1.fq	3115736;4455317	521766c4605f2792b88aa9a004f19d0e;81a9290e409ad48d2a7b1d201b46260a	ftp.sra.ebi.ac.uk/vol1/fastq/SRR967/009/SRR9671519/SRR9671519_1.fastq.gz;ftp.sra.ebi.ac.uk/vol1/fastq/SRR967/009/SRR9671519/SRR9671519_2.fastq.gz	fasp.sra.ebi.ac.uk:/vol1/fastq/SRR967/009/SRR9671519/SRR9671519_1.fastq.gz;fasp.sra.ebi.ac.uk:/vol1/fastq/SRR967/009/SRR9671519/SRR9671519_2.fastq.gz	ftp.sra.ebi.ac.uk/vol1/fastq/SRR967/009/SRR9671519/SRR9671519_1.fastq.gz;ftp.sra.ebi.ac.uk/vol1/fastq/SRR967/009/SRR9671519/SRR9671519_2.fastq.gz							AD35		Metagenome or environmental sample from human gut metagenome		2019-07-12				GENERATED_FILE;GENERATED_FILE		
SRR9671496	PRJNA554111	SRP214293	SAMN12256037	SRS5086741	SRX6431946	SRA919997	408170	human gut metagenome	ILLUMINA	Illumina MiSeq	L-10		PAIRED	OTHER	METAGENOMIC	other	39604	23841608	SUB5937627	2019-07-12	2019-07-12	Illumina MiSeq sequencing: fece10	The raw reads of gut Microbiota in Patients with Alzheimer's Disease and normal people	PRJNA554111	L-10	raw.split.AD10.1.fq	3504371;4936122	1668d1edacb8d8e9c2c82a2eb4840a71;f12899d70f7b3fef583f7518be87ea0c	ftp.sra.ebi.ac.uk/vol1/fastq/SRR967/006/SRR9671496/SRR9671496_1.fastq.gz;ftp.sra.ebi.ac.uk/vol1/fastq/SRR967/006/SRR9671496/SRR9671496_2.fastq.gz	fasp.sra.ebi.ac.uk:/vol1/fastq/SRR967/006/SRR9671496/SRR9671496_1.fastq.gz;fasp.sra.ebi.ac.uk:/vol1/fastq/SRR967/006/SRR9671496/SRR9671496_2.fastq.gz	ftp.sra.ebi.ac.uk/vol1/fastq/SRR967/006/SRR9671496/SRR9671496_1.fastq.gz;ftp.sra.ebi.ac.uk/vol1/fastq/SRR967/006/SRR9671496/SRR9671496_2.fastq.gz							AD10		Metagenome or environmental sample from human gut metagenome		2019-07-12				GENERATED_FILE;GENERATED_FILE		
SRR9671522	PRJNA554111	SRP214293	SAMN12256056	SRS5086715	SRX6431920	SRA919997	408170	human gut metagenome	ILLUMINA	Illumina MiSeq	L-29		PAIRED	OTHER	METAGENOMIC	other	37913	22823626	SUB5937627	2019-07-12	2019-07-12	Illumina MiSeq sequencing: fece29	The raw reads of gut Microbiota in Patients with Alzheimer's Disease and normal people	PRJNA554111	L-29	raw.split.AD29.1.fq	3355284;4705017	7576189ba5aaa3d5a0d919cd24db4e27;d6a8d4574b83449777bd50963d7d7389	ftp.sra.ebi.ac.uk/vol1/fastq/SRR967/002/SRR9671522/SRR9671522_1.fastq.gz;ftp.sra.ebi.ac.uk/vol1/fastq/SRR967/002/SRR9671522/SRR9671522_2.fastq.gz	fasp.sra.ebi.ac.uk:/vol1/fastq/SRR967/002/SRR9671522/SRR9671522_1.fastq.gz;fasp.sra.ebi.ac.uk:/vol1/fastq/SRR967/002/SRR9671522/SRR9671522_2.fastq.gz	ftp.sra.ebi.ac.uk/vol1/fastq/SRR967/002/SRR9671522/SRR9671522_1.fastq.gz;ftp.sra.ebi.ac.uk/vol1/fastq/SRR967/002/SRR9671522/SRR9671522_2.fastq.gz							AD29		Metagenome or environmental sample from human gut metagenome		2019-07-12				GENERATED_FILE;GENERATED_FILE		
SRR9671529	PRJNA554111	SRP214293	SAMN12256055	SRS5086708	SRX6431913	SRA919997	408170	human gut metagenome	ILLUMINA	Illumina MiSeq	L-28		PAIRED	OTHER	METAGENOMIC	other	44844	26996088	SUB5937627	2019-07-12	2019-07-12	Illumina MiSeq sequencing: fece28	The raw reads of gut Microbiota in Patients with Alzheimer's Disease and normal people	PRJNA554111	L-28	raw.split.AD28.1.fq	4015895;5475785	7ee277e3416236cec305eafbb6d3d092;dd8ef7cdde51f1d7a40bfc6f41b00587	ftp.sra.ebi.ac.uk/vol1/fastq/SRR967/009/SRR9671529/SRR9671529_1.fastq.gz;ftp.sra.ebi.ac.uk/vol1/fastq/SRR967/009/SRR9671529/SRR9671529_2.fastq.gz	fasp.sra.ebi.ac.uk:/vol1/fastq/SRR967/009/SRR9671529/SRR9671529_1.fastq.gz;fasp.sra.ebi.ac.uk:/vol1/fastq/SRR967/009/SRR9671529/SRR9671529_2.fastq.gz	ftp.sra.ebi.ac.uk/vol1/fastq/SRR967/009/SRR9671529/SRR9671529_1.fastq.gz;ftp.sra.ebi.ac.uk/vol1/fastq/SRR967/009/SRR9671529/SRR9671529_2.fastq.gz							AD28		Metagenome or environmental sample from human gut metagenome		2019-07-12				GENERATED_FILE;GENERATED_FILE		
SRR9671497	PRJNA554111	SRP214293	SAMN12256036	SRS5086740	SRX6431945	SRA919997	408170	human gut metagenome	ILLUMINA	Illumina MiSeq	L-9		PAIRED	OTHER	METAGENOMIC	other	30492	18356184	SUB5937627	2019-07-12	2019-07-12	Illumina MiSeq sequencing: fece9	The raw reads of gut Microbiota in Patients with Alzheimer's Disease and normal people	PRJNA554111	L-9	raw.split.AD9.1.fq	2768306;3901404	9a4b589a57f026d1d04bc3667e401224;e93ddfa61e08684b285991166a7e1c55	ftp.sra.ebi.ac.uk/vol1/fastq/SRR967/007/SRR9671497/SRR9671497_1.fastq.gz;ftp.sra.ebi.ac.uk/vol1/fastq/SRR967/007/SRR9671497/SRR9671497_2.fastq.gz	fasp.sra.ebi.ac.uk:/vol1/fastq/SRR967/007/SRR9671497/SRR9671497_1.fastq.gz;fasp.sra.ebi.ac.uk:/vol1/fastq/SRR967/007/SRR9671497/SRR9671497_2.fastq.gz	ftp.sra.ebi.ac.uk/vol1/fastq/SRR967/007/SRR9671497/SRR9671497_1.fastq.gz;ftp.sra.ebi.ac.uk/vol1/fastq/SRR967/007/SRR9671497/SRR9671497_2.fastq.gz							AD9		Metagenome or environmental sample from human gut metagenome		2019-07-12				GENERATED_FILE;GENERATED_FILE		
SRR9671523	PRJNA554111	SRP214293	SAMN12256057	SRS5086714	SRX6431919	SRA919997	408170	human gut metagenome	ILLUMINA	Illumina MiSeq	L-30		PAIRED	OTHER	METAGENOMIC	other	33072	19909344	SUB5937627	2019-07-12	2019-07-12	Illumina MiSeq sequencing: fece30	The raw reads of gut Microbiota in Patients with Alzheimer's Disease and normal people	PRJNA554111	L-30	raw.split.AD30.1.fq	2795215;3975227	6993675a074468a1ac61ff998eb7ec0f;10d984f2f6577fa6b5c43b11e45dc5d6	ftp.sra.ebi.ac.uk/vol1/fastq/SRR967/003/SRR9671523/SRR9671523_1.fastq.gz;ftp.sra.ebi.ac.uk/vol1/fastq/SRR967/003/SRR9671523/SRR9671523_2.fastq.gz	fasp.sra.ebi.ac.uk:/vol1/fastq/SRR967/003/SRR9671523/SRR9671523_1.fastq.gz;fasp.sra.ebi.ac.uk:/vol1/fastq/SRR967/003/SRR9671523/SRR9671523_2.fastq.gz	ftp.sra.ebi.ac.uk/vol1/fastq/SRR967/003/SRR9671523/SRR9671523_1.fastq.gz;ftp.sra.ebi.ac.uk/vol1/fastq/SRR967/003/SRR9671523/SRR9671523_2.fastq.gz							AD30		Metagenome or environmental sample from human gut metagenome		2019-07-12				GENERATED_FILE;GENERATED_FILE		
SRR9671525	PRJNA554111	SRP214293	SAMN12256051	SRS5086712	SRX6431917	SRA919997	408170	human gut metagenome	ILLUMINA	Illumina MiSeq	L-24		PAIRED	OTHER	METAGENOMIC	other	41713	25111226	SUB5937627	2019-07-12	2019-07-12	Illumina MiSeq sequencing: fece24	The raw reads of gut Microbiota in Patients with Alzheimer's Disease and normal people	PRJNA554111	L-24	raw.split.AD24.1.fq	3772434;5688322	a644d6c660772725cef8d9d9d4ebfd9f;01bcf3d157274349a23248bdeda1568b	ftp.sra.ebi.ac.uk/vol1/fastq/SRR967/005/SRR9671525/SRR9671525_1.fastq.gz;ftp.sra.ebi.ac.uk/vol1/fastq/SRR967/005/SRR9671525/SRR9671525_2.fastq.gz	fasp.sra.ebi.ac.uk:/vol1/fastq/SRR967/005/SRR9671525/SRR9671525_1.fastq.gz;fasp.sra.ebi.ac.uk:/vol1/fastq/SRR967/005/SRR9671525/SRR9671525_2.fastq.gz	ftp.sra.ebi.ac.uk/vol1/fastq/SRR967/005/SRR9671525/SRR9671525_1.fastq.gz;ftp.sra.ebi.ac.uk/vol1/fastq/SRR967/005/SRR9671525/SRR9671525_2.fastq.gz							AD24		Metagenome or environmental sample from human gut metagenome		2019-07-12				GENERATED_FILE;GENERATED_FILE		
SRR9671501	PRJNA554111	SRP214293	SAMN12256030	SRS5086736	SRX6431941	SRA919997	408170	human gut metagenome	ILLUMINA	Illumina MiSeq	L-3		PAIRED	OTHER	METAGENOMIC	other	31998	19262796	SUB5937627	2019-07-12	2019-07-12	Illumina MiSeq sequencing: fece3	The raw reads of gut Microbiota in Patients with Alzheimer's Disease and normal people	PRJNA554111	L-3	raw.split.AD3.1.fq	3058070;4343195	5a3d93c47ddea25236165d66f155a632;bfeef55ba9dba129c0e461b73505163f	ftp.sra.ebi.ac.uk/vol1/fastq/SRR967/001/SRR9671501/SRR9671501_1.fastq.gz;ftp.sra.ebi.ac.uk/vol1/fastq/SRR967/001/SRR9671501/SRR9671501_2.fastq.gz	fasp.sra.ebi.ac.uk:/vol1/fastq/SRR967/001/SRR9671501/SRR9671501_1.fastq.gz;fasp.sra.ebi.ac.uk:/vol1/fastq/SRR967/001/SRR9671501/SRR9671501_2.fastq.gz	ftp.sra.ebi.ac.uk/vol1/fastq/SRR967/001/SRR9671501/SRR9671501_1.fastq.gz;ftp.sra.ebi.ac.uk/vol1/fastq/SRR967/001/SRR9671501/SRR9671501_2.fastq.gz							AD3		Metagenome or environmental sample from human gut metagenome		2019-07-12				GENERATED_FILE;GENERATED_FILE		
SRR9671509	PRJNA554111	SRP214293	SAMN12256109	SRS5086728	SRX6431933	SRA919997	408170	human gut metagenome	ILLUMINA	Illumina MiSeq	L-82		PAIRED	OTHER	METAGENOMIC	other	31594	19019588	SUB5937627	2019-07-12	2019-07-12	Illumina MiSeq sequencing: fece82	The raw reads of gut Microbiota in Patients with Alzheimer's Disease and normal people	PRJNA554111	L-82	raw.split.CON39.1.fq	2903513;4179003	36f963c243abfb88a632a96f88ba0dcc;fdaa3d71d3d83449ff9188c3aee47fdb	ftp.sra.ebi.ac.uk/vol1/fastq/SRR967/009/SRR9671509/SRR9671509_1.fastq.gz;ftp.sra.ebi.ac.uk/vol1/fastq/SRR967/009/SRR9671509/SRR9671509_2.fastq.gz	fasp.sra.ebi.ac.uk:/vol1/fastq/SRR967/009/SRR9671509/SRR9671509_1.fastq.gz;fasp.sra.ebi.ac.uk:/vol1/fastq/SRR967/009/SRR9671509/SRR9671509_2.fastq.gz	ftp.sra.ebi.ac.uk/vol1/fastq/SRR967/009/SRR9671509/SRR9671509_1.fastq.gz;ftp.sra.ebi.ac.uk/vol1/fastq/SRR967/009/SRR9671509/SRR9671509_2.fastq.gz							CON39		Metagenome or environmental sample from human gut metagenome		2019-07-12				GENERATED_FILE;GENERATED_FILE		
SRR9671512	PRJNA554111	SRP214293	SAMN12256067	SRS5086725	SRX6431930	SRA919997	408170	human gut metagenome	ILLUMINA	Illumina MiSeq	L-40		PAIRED	OTHER	METAGENOMIC	other	42642	25670484	SUB5937627	2019-07-12	2019-07-12	Illumina MiSeq sequencing: fece40	The raw reads of gut Microbiota in Patients with Alzheimer's Disease and normal people	PRJNA554111	L-40	raw.split.AD40.1.fq	3444030;4958830	4d78b10df98efbdf26388f41f599e0f9;169854d78598c187c2d5a089d9f24878	ftp.sra.ebi.ac.uk/vol1/fastq/SRR967/002/SRR9671512/SRR9671512_1.fastq.gz;ftp.sra.ebi.ac.uk/vol1/fastq/SRR967/002/SRR9671512/SRR9671512_2.fastq.gz	fasp.sra.ebi.ac.uk:/vol1/fastq/SRR967/002/SRR9671512/SRR9671512_1.fastq.gz;fasp.sra.ebi.ac.uk:/vol1/fastq/SRR967/002/SRR9671512/SRR9671512_2.fastq.gz	ftp.sra.ebi.ac.uk/vol1/fastq/SRR967/002/SRR9671512/SRR9671512_1.fastq.gz;ftp.sra.ebi.ac.uk/vol1/fastq/SRR967/002/SRR9671512/SRR9671512_2.fastq.gz							AD40		Metagenome or environmental sample from human gut metagenome		2019-07-12				GENERATED_FILE;GENERATED_FILE		
SRR9671513	PRJNA554111	SRP214293	SAMN12256066	SRS5086724	SRX6431929	SRA919997	408170	human gut metagenome	ILLUMINA	Illumina MiSeq	L-39		PAIRED	OTHER	METAGENOMIC	other	36987	22266174	SUB5937627	2019-07-12	2019-07-12	Illumina MiSeq sequencing: fece39	The raw reads of gut Microbiota in Patients with Alzheimer's Disease and normal people	PRJNA554111	L-39	raw.split.AD39.1.fq	3381074;4839097	3c0074dec0c3b30428097eb5c3f5a9c1;8a862fbd545d65c793de37f120601683	ftp.sra.ebi.ac.uk/vol1/fastq/SRR967/003/SRR9671513/SRR9671513_1.fastq.gz;ftp.sra.ebi.ac.uk/vol1/fastq/SRR967/003/SRR9671513/SRR9671513_2.fastq.gz	fasp.sra.ebi.ac.uk:/vol1/fastq/SRR967/003/SRR9671513/SRR9671513_1.fastq.gz;fasp.sra.ebi.ac.uk:/vol1/fastq/SRR967/003/SRR9671513/SRR9671513_2.fastq.gz	ftp.sra.ebi.ac.uk/vol1/fastq/SRR967/003/SRR9671513/SRR9671513_1.fastq.gz;ftp.sra.ebi.ac.uk/vol1/fastq/SRR967/003/SRR9671513/SRR9671513_2.fastq.gz							AD39		Metagenome or environmental sample from human gut metagenome		2019-07-12				GENERATED_FILE;GENERATED_FILE		
SRR9671515	PRJNA554111	SRP214293	SAMN12256058	SRS5086722	SRX6431927	SRA919997	408170	human gut metagenome	ILLUMINA	Illumina MiSeq	L-31		PAIRED	OTHER	METAGENOMIC	other	42685	25696370	SUB5937627	2019-07-12	2019-07-12	Illumina MiSeq sequencing: fece31	The raw reads of gut Microbiota in Patients with Alzheimer's Disease and normal people	PRJNA554111	L-31	raw.split.AD31.1.fq	3935685;5639088	25f1e2b741f14a51611770f48a23c14c;d4d3ad3bdc0a6c7f017ae26e0847e986	ftp.sra.ebi.ac.uk/vol1/fastq/SRR967/005/SRR9671515/SRR9671515_1.fastq.gz;ftp.sra.ebi.ac.uk/vol1/fastq/SRR967/005/SRR9671515/SRR9671515_2.fastq.gz	fasp.sra.ebi.ac.uk:/vol1/fastq/SRR967/005/SRR9671515/SRR9671515_1.fastq.gz;fasp.sra.ebi.ac.uk:/vol1/fastq/SRR967/005/SRR9671515/SRR9671515_2.fastq.gz	ftp.sra.ebi.ac.uk/vol1/fastq/SRR967/005/SRR9671515/SRR9671515_1.fastq.gz;ftp.sra.ebi.ac.uk/vol1/fastq/SRR967/005/SRR9671515/SRR9671515_2.fastq.gz							AD31		Metagenome or environmental sample from human gut metagenome		2019-07-12				GENERATED_FILE;GENERATED_FILE		
SRR9671517	PRJNA554111	SRP214293	SAMN12256060	SRS5086720	SRX6431925	SRA919997	408170	human gut metagenome	ILLUMINA	Illumina MiSeq	L-33		PAIRED	OTHER	METAGENOMIC	other	44062	26525324	SUB5937627	2019-07-12	2019-07-12	Illumina MiSeq sequencing: fece33	The raw reads of gut Microbiota in Patients with Alzheimer's Disease and normal people	PRJNA554111	L-33	raw.split.AD33.1.fq	4047818;5706091	61b53a07080f1435aeb8861887c3e763;1f290d02c41439c0c616f788f4c1e8ac	ftp.sra.ebi.ac.uk/vol1/fastq/SRR967/007/SRR9671517/SRR9671517_1.fastq.gz;ftp.sra.ebi.ac.uk/vol1/fastq/SRR967/007/SRR9671517/SRR9671517_2.fastq.gz	fasp.sra.ebi.ac.uk:/vol1/fastq/SRR967/007/SRR9671517/SRR9671517_1.fastq.gz;fasp.sra.ebi.ac.uk:/vol1/fastq/SRR967/007/SRR9671517/SRR9671517_2.fastq.gz	ftp.sra.ebi.ac.uk/vol1/fastq/SRR967/007/SRR9671517/SRR9671517_1.fastq.gz;ftp.sra.ebi.ac.uk/vol1/fastq/SRR967/007/SRR9671517/SRR9671517_2.fastq.gz							AD33		Metagenome or environmental sample from human gut metagenome		2019-07-12				GENERATED_FILE;GENERATED_FILE		
SRR9671518	PRJNA554111	SRP214293	SAMN12256063	SRS5086719	SRX6431924	SRA919997	408170	human gut metagenome	ILLUMINA	Illumina MiSeq	L-36		PAIRED	OTHER	METAGENOMIC	other	31350	18872700	SUB5937627	2019-07-12	2019-07-12	Illumina MiSeq sequencing: fece36	The raw reads of gut Microbiota in Patients with Alzheimer's Disease and normal people	PRJNA554111	L-36	raw.split.AD36.1.fq	2685066;3901360	6d44c85d6eb9cd4be79e206d01a88691;203b3dbab08469491cb460c2e1d55f2b	ftp.sra.ebi.ac.uk/vol1/fastq/SRR967/008/SRR9671518/SRR9671518_1.fastq.gz;ftp.sra.ebi.ac.uk/vol1/fastq/SRR967/008/SRR9671518/SRR9671518_2.fastq.gz	fasp.sra.ebi.ac.uk:/vol1/fastq/SRR967/008/SRR9671518/SRR9671518_1.fastq.gz;fasp.sra.ebi.ac.uk:/vol1/fastq/SRR967/008/SRR9671518/SRR9671518_2.fastq.gz	ftp.sra.ebi.ac.uk/vol1/fastq/SRR967/008/SRR9671518/SRR9671518_1.fastq.gz;ftp.sra.ebi.ac.uk/vol1/fastq/SRR967/008/SRR9671518/SRR9671518_2.fastq.gz							AD36		Metagenome or environmental sample from human gut metagenome		2019-07-12				GENERATED_FILE;GENERATED_FILE		
SRR9671521	PRJNA554111	SRP214293	SAMN12256064	SRS5086716	SRX6431921	SRA919997	408170	human gut metagenome	ILLUMINA	Illumina MiSeq	L-37		PAIRED	OTHER	METAGENOMIC	other	35955	21644910	SUB5937627	2019-07-12	2019-07-12	Illumina MiSeq sequencing: fece37	The raw reads of gut Microbiota in Patients with Alzheimer's Disease and normal people	PRJNA554111	L-37	raw.split.AD37.1.fq	3484347;4800332	b89cb50c3e10af0fb76332ab2795fd89;f9e83f2632f11a23b64a3121b94daa59	ftp.sra.ebi.ac.uk/vol1/fastq/SRR967/001/SRR9671521/SRR9671521_1.fastq.gz;ftp.sra.ebi.ac.uk/vol1/fastq/SRR967/001/SRR9671521/SRR9671521_2.fastq.gz	fasp.sra.ebi.ac.uk:/vol1/fastq/SRR967/001/SRR9671521/SRR9671521_1.fastq.gz;fasp.sra.ebi.ac.uk:/vol1/fastq/SRR967/001/SRR9671521/SRR9671521_2.fastq.gz	ftp.sra.ebi.ac.uk/vol1/fastq/SRR967/001/SRR9671521/SRR9671521_1.fastq.gz;ftp.sra.ebi.ac.uk/vol1/fastq/SRR967/001/SRR9671521/SRR9671521_2.fastq.gz							AD37		Metagenome or environmental sample from human gut metagenome		2019-07-12				GENERATED_FILE;GENERATED_FILE		
SRR9671524	PRJNA554111	SRP214293	SAMN12256050	SRS5086713	SRX6431918	SRA919997	408170	human gut metagenome	ILLUMINA	Illumina MiSeq	L-23		PAIRED	OTHER	METAGENOMIC	other	36942	22239084	SUB5937627	2019-07-12	2019-07-12	Illumina MiSeq sequencing: fece23	The raw reads of gut Microbiota in Patients with Alzheimer's Disease and normal people	PRJNA554111	L-23	raw.split.AD23.1.fq	3450434;4723267	be4e80cedb69d7b5237727ca2ea4e295;7d237fd8dcb57d4ef94318d7b33f8965	ftp.sra.ebi.ac.uk/vol1/fastq/SRR967/004/SRR9671524/SRR9671524_1.fastq.gz;ftp.sra.ebi.ac.uk/vol1/fastq/SRR967/004/SRR9671524/SRR9671524_2.fastq.gz	fasp.sra.ebi.ac.uk:/vol1/fastq/SRR967/004/SRR9671524/SRR9671524_1.fastq.gz;fasp.sra.ebi.ac.uk:/vol1/fastq/SRR967/004/SRR9671524/SRR9671524_2.fastq.gz	ftp.sra.ebi.ac.uk/vol1/fastq/SRR967/004/SRR9671524/SRR9671524_1.fastq.gz;ftp.sra.ebi.ac.uk/vol1/fastq/SRR967/004/SRR9671524/SRR9671524_2.fastq.gz							AD23		Metagenome or environmental sample from human gut metagenome		2019-07-12				GENERATED_FILE;GENERATED_FILE		
SRR9671526	PRJNA554111	SRP214293	SAMN12256048	SRS5086711	SRX6431916	SRA919997	408170	human gut metagenome	ILLUMINA	Illumina MiSeq	L-21		PAIRED	OTHER	METAGENOMIC	other	39073	23521946	SUB5937627	2019-07-12	2019-07-12	Illumina MiSeq sequencing: fece21	The raw reads of gut Microbiota in Patients with Alzheimer's Disease and normal people	PRJNA554111	L-21	raw.split.AD21.1.fq	3748392;5106057	ac213499554449e1523423ca5b5dd1eb;96a943a7d3b6d5722918ee5510a748d9	ftp.sra.ebi.ac.uk/vol1/fastq/SRR967/006/SRR9671526/SRR9671526_1.fastq.gz;ftp.sra.ebi.ac.uk/vol1/fastq/SRR967/006/SRR9671526/SRR9671526_2.fastq.gz	fasp.sra.ebi.ac.uk:/vol1/fastq/SRR967/006/SRR9671526/SRR9671526_1.fastq.gz;fasp.sra.ebi.ac.uk:/vol1/fastq/SRR967/006/SRR9671526/SRR9671526_2.fastq.gz	ftp.sra.ebi.ac.uk/vol1/fastq/SRR967/006/SRR9671526/SRR9671526_1.fastq.gz;ftp.sra.ebi.ac.uk/vol1/fastq/SRR967/006/SRR9671526/SRR9671526_2.fastq.gz							AD21		Metagenome or environmental sample from human gut metagenome		2019-07-12				GENERATED_FILE;GENERATED_FILE		
SRR9671527	PRJNA554111	SRP214293	SAMN12256049	SRS5086710	SRX6431915	SRA919997	408170	human gut metagenome	ILLUMINA	Illumina MiSeq	L-22		PAIRED	OTHER	METAGENOMIC	other	42820	25777640	SUB5937627	2019-07-12	2019-07-12	Illumina MiSeq sequencing: fece22	The raw reads of gut Microbiota in Patients with Alzheimer's Disease and normal people	PRJNA554111	L-22	raw.split.AD22.1.fq	3984586;5565007	624a92273bc0c52104f8d0e91a953467;ecf5b5bb296eeae2777ef6829d975bbd	ftp.sra.ebi.ac.uk/vol1/fastq/SRR967/007/SRR9671527/SRR9671527_1.fastq.gz;ftp.sra.ebi.ac.uk/vol1/fastq/SRR967/007/SRR9671527/SRR9671527_2.fastq.gz	fasp.sra.ebi.ac.uk:/vol1/fastq/SRR967/007/SRR9671527/SRR9671527_1.fastq.gz;fasp.sra.ebi.ac.uk:/vol1/fastq/SRR967/007/SRR9671527/SRR9671527_2.fastq.gz	ftp.sra.ebi.ac.uk/vol1/fastq/SRR967/007/SRR9671527/SRR9671527_1.fastq.gz;ftp.sra.ebi.ac.uk/vol1/fastq/SRR967/007/SRR9671527/SRR9671527_2.fastq.gz							AD22		Metagenome or environmental sample from human gut metagenome		2019-07-12				GENERATED_FILE;GENERATED_FILE		
SRR9671528	PRJNA554111	SRP214293	SAMN12256054	SRS5086709	SRX6431914	SRA919997	408170	human gut metagenome	ILLUMINA	Illumina MiSeq	L-27		PAIRED	OTHER	METAGENOMIC	other	43124	25960648	SUB5937627	2019-07-12	2019-07-12	Illumina MiSeq sequencing: fece27	The raw reads of gut Microbiota in Patients with Alzheimer's Disease and normal people	PRJNA554111	L-27	raw.split.AD27.1.fq	3473631;5606603	3d80b384cd8a1c154721995a63f21809;1b12c635485e38b2394966b4ae1cf1cd	ftp.sra.ebi.ac.uk/vol1/fastq/SRR967/008/SRR9671528/SRR9671528_1.fastq.gz;ftp.sra.ebi.ac.uk/vol1/fastq/SRR967/008/SRR9671528/SRR9671528_2.fastq.gz	fasp.sra.ebi.ac.uk:/vol1/fastq/SRR967/008/SRR9671528/SRR9671528_1.fastq.gz;fasp.sra.ebi.ac.uk:/vol1/fastq/SRR967/008/SRR9671528/SRR9671528_2.fastq.gz	ftp.sra.ebi.ac.uk/vol1/fastq/SRR967/008/SRR9671528/SRR9671528_1.fastq.gz;ftp.sra.ebi.ac.uk/vol1/fastq/SRR967/008/SRR9671528/SRR9671528_2.fastq.gz							AD27		Metagenome or environmental sample from human gut metagenome		2019-07-12				GENERATED_FILE;GENERATED_FILE		
SRR9671530	PRJNA554111	SRP214293	SAMN12256052	SRS5086707	SRX6431912	SRA919997	408170	human gut metagenome	ILLUMINA	Illumina MiSeq	L-25		PAIRED	OTHER	METAGENOMIC	other	36167	21772534	SUB5937627	2019-07-12	2019-07-12	Illumina MiSeq sequencing: fece25	The raw reads of gut Microbiota in Patients with Alzheimer's Disease and normal people	PRJNA554111	L-25	raw.split.AD25.1.fq	3380092;4723576	2b15011798ebafdb0ef5b2236a73b75d;9b853a37b8ae23a4972320bacdb07863	ftp.sra.ebi.ac.uk/vol1/fastq/SRR967/000/SRR9671530/SRR9671530_1.fastq.gz;ftp.sra.ebi.ac.uk/vol1/fastq/SRR967/000/SRR9671530/SRR9671530_2.fastq.gz	fasp.sra.ebi.ac.uk:/vol1/fastq/SRR967/000/SRR9671530/SRR9671530_1.fastq.gz;fasp.sra.ebi.ac.uk:/vol1/fastq/SRR967/000/SRR9671530/SRR9671530_2.fastq.gz	ftp.sra.ebi.ac.uk/vol1/fastq/SRR967/000/SRR9671530/SRR9671530_1.fastq.gz;ftp.sra.ebi.ac.uk/vol1/fastq/SRR967/000/SRR9671530/SRR9671530_2.fastq.gz							AD25		Metagenome or environmental sample from human gut metagenome		2019-07-12				GENERATED_FILE;GENERATED_FILE		
SRR9671531	PRJNA554111	SRP214293	SAMN12256053	SRS5086706	SRX6431911	SRA919997	408170	human gut metagenome	ILLUMINA	Illumina MiSeq	L-26		PAIRED	OTHER	METAGENOMIC	other	39892	24014984	SUB5937627	2019-07-12	2019-07-12	Illumina MiSeq sequencing: fece26	The raw reads of gut Microbiota in Patients with Alzheimer's Disease and normal people	PRJNA554111	L-26	raw.split.AD26.1.fq	3509873;5078509	6dbbee042cedaf6c8fac765cec762600;f32b13f2e83c1633e3897ff842fb9b43	ftp.sra.ebi.ac.uk/vol1/fastq/SRR967/001/SRR9671531/SRR9671531_1.fastq.gz;ftp.sra.ebi.ac.uk/vol1/fastq/SRR967/001/SRR9671531/SRR9671531_2.fastq.gz	fasp.sra.ebi.ac.uk:/vol1/fastq/SRR967/001/SRR9671531/SRR9671531_1.fastq.gz;fasp.sra.ebi.ac.uk:/vol1/fastq/SRR967/001/SRR9671531/SRR9671531_2.fastq.gz	ftp.sra.ebi.ac.uk/vol1/fastq/SRR967/001/SRR9671531/SRR9671531_1.fastq.gz;ftp.sra.ebi.ac.uk/vol1/fastq/SRR967/001/SRR9671531/SRR9671531_2.fastq.gz							AD26		Metagenome or environmental sample from human gut metagenome		2019-07-12				GENERATED_FILE;GENERATED_FILE		
