sample_id	reason	excluded_from	logged_at
boktor2023_tbc_PD.9	all_zero_pathway_row_likely_broken_merge	pathway_columns_only	2026-09-11T07:59:38.625286
boktor2023_rumc_PC.66	all_zero_pathway_row_likely_broken_merge	pathway_columns_only	2026-09-11T07:59:38.625286
boktor2023_tbc_PD.9	all_zero_pathway_row_likely_broken_merge	pathway_columns_only	2026-09-11T08:03:44.725958
boktor2023_rumc_PC.66	all_zero_pathway_row_likely_broken_merge	pathway_columns_only	2026-09-11T08:03:44.725958
boktor2023_tbc_PD.9	all_zero_pathway_row_likely_broken_merge	pathway_columns_only	2026-09-14T07:19:14.660858
boktor2023_rumc_PC.66	all_zero_pathway_row_likely_broken_merge	pathway_columns_only	2026-09-14T07:19:14.660858
boktor2023_tbc_PD.9	all_zero_pathway_row_likely_broken_merge	pathway_columns_only	2026-09-14T07:20:09.594581
boktor2023_rumc_PC.66	all_zero_pathway_row_likely_broken_merge	pathway_columns_only	2026-09-14T07:20:09.594581
boktor2023_tbc_PD.9	all_zero_pathway_row_likely_broken_merge	pathway_columns_only	2026-09-14T10:15:25.680074
boktor2023_rumc_PC.66	all_zero_pathway_row_likely_broken_merge	pathway_columns_only	2026-09-14T10:15:25.680074
